stop_id,weekday,week_rel
85254,weekend,926.939301565163
68463,weekday,814.7583333333333
53508,weekday,633.1647422889611
10653,weekday,578.0824355367855
85254,weekday,565.2534648494775
53504,weekday,533.7973101216073
68005,weekend,525.8382667776044
12377,weekend,490.4505998403073
47970,weekday,477.8105049208388
12470,weekend,472.9883624506891
76036,weekday,461.7912076169047
21850,weekend,454.7183769758693
54760,weekday,449.98220687626906
54003,weekday,443.6932930677832
29240,weekend,438.7995533453963
83752,weekday,432.5754873062698
54841,weekday,418.50153123718445
65015,weekend,418.4233912479939
46730,weekday,405.92223310570904
64308,weekend,401.76839287255956
64960,weekend,399.89982046287275
54060,weekday,392.8926987460543
30160,weekday,377.50214482247304
18930,weekday,373.769906600967
71348,weekend,371.1300287691389
74230,weekend,370.58006799027646
62299,weekday,368.2065390888231
29405,weekend,364.93253117729415
9144,weekend,362.2878704619595
64397,weekend,360.7234432234432
64397,weekday,356.9899066852358
65049,weekend,356.86118650302933
82841,weekday,355.92801008617573
22260,weekend,355.2517900370025
85781,weekend,354.15338827838826
80432,weekday,353.1107103371882
71353,weekend,350.8238659958336
64579,weekend,349.5576975828652
15395,weekend,344.3431086435446
29865,weekday,343.60754160369544
12380,weekday,343.5256472115714
71336,weekend,341.7080599965043
12377,weekday,340.49381639561557
15201,weekend,339.8284582330105
47235,weekday,338.2029657477026
12322,weekday,337.4738764916281
68004,weekday,336.1874849884473
85781,weekday,331.4707525911266
41981,weekday,330.2024863247962
29254,weekday,330.0964285714286
6640,weekend,329.9103159476685
15460,weekend,329.5302288152739
12470,weekday,328.7508345178451
62299,weekend,328.59902082723323
70180,weekend,328.55142392391673
12210,weekend,326.1554248104215
6710,weekend,325.4670176282282
6440,weekend,322.63869029910626
31680,weekday,322.59166666666664
72580,weekday,316.3634135338346
55928,weekday,314.59175254926896
22940,weekend,313.9110189103958
22830,weekend,313.4195910164959
3250,weekday,312.51260162601625
6237,weekend,310.2788637441573
71951,weekend,307.13375545687677
29247,weekend,307.0806826541006
720,weekday,305.5069002619683
69028,weekend,303.8906180148827
28470,weekend,302.3841130259615
31350,weekend,301.0117427380147
8641,weekday,300.9969107692143
73812,weekday,300.91551462388094
6340,weekend,299.9185353514553
65092,weekend,299.13392210070845
62301,weekday,299.0826608940983
54135,weekday,295.2084411157203
22260,weekday,295.2079228222502
84280,weekday,295.04794645073935
60453,weekday,294.5302531750368
64583,weekend,293.9850332620018
67150,weekend,293.8029293466315
13870,weekend,293.2858577733667
700,weekend,290.5391330746754
60373,weekday,288.8848645890738
2295,weekday,287.7599776169914
65014,weekend,287.7344376106186
85066,weekday,287.5072209991561
760,weekend,287.4459260471239
19550,weekday,286.6652998236332
56161,weekend,286.33208690708153
71345,weekend,285.62261607004103
62328,weekday,285.6030734713372
31460,weekend,284.91976840940777
26965,weekday,284.79745852252466
55875,weekday,284.1686507936508
64512,weekday,284.06624109308996
19440,weekend,284.01984295426786
77080,weekday,283.37186967418546
37360,weekend,282.6749846254273
11150,weekend,279.5044769478133
85924,weekday,278.1683230642416
11680,weekend,277.38722793567644
84014,weekday,274.67826455876695
25752,weekend,273.9226926206735
64413,weekday,273.45205289984335
72311,weekend,272.91261505271444
6176,weekend,271.3930201723462
84354,weekday,271.0376998054906
41989,weekday,270.5368398795863
59904,weekday,270.2733485849568
47872,weekday,269.429978030113
27570,weekend,269.4141707139776
64413,weekend,268.17621801275646
28600,weekend,267.29430849153135
71410,weekday,266.73901515151516
60480,weekday,265.6545012794275
57776,weekday,265.3299012409575
24680,weekend,265.17270426375296
64670,weekend,264.4852071621667
40077,weekday,264.1716264034043
40097,weekend,264.14566501330535
85902,weekday,264.13806849416085
20890,weekend,263.8595344211928
5980,weekend,263.38133056428507
71345,weekday,263.3677896231405
10915,weekend,263.085190168442
7430,weekend,262.44585195383826
40077,weekend,262.41400151000647
70170,weekend,262.259641977907
18630,weekday,261.77272676902186
64585,weekend,261.2032058859314
21765,weekend,261.01589183217754
12487,weekday,260.9825806721579
37460,weekend,260.63617674075573
30690,weekend,259.6463757260945
41970,weekend,259.5942959939751
56450,weekend,259.19698384340757
99271,weekend,258.0891975308642
56450,weekday,257.70988560180825
73814,weekend,257.1130793140891
75820,weekend,257.104059590513
56031,weekend,256.0383360158555
49588,weekend,255.97533372887543
45870,weekday,255.92153227777825
11060,weekday,255.4793557138418
45870,weekend,255.42507871532175
30690,weekday,255.3167738446142
49724,weekend,255.24532621594665
14230,weekend,254.79442699091214
37360,weekday,254.55000721554524
10513,weekday,254.07814750232947
68597,weekend,253.92275848801046
49588,weekday,253.86118053219442
62301,weekend,253.23128014972744
64308,weekday,253.08673844266858
80668,weekday,253.06844903607734
6880,weekend,252.92321382544648
49440,weekday,252.90482165702414
18390,weekday,252.52197218541994
34930,weekday,251.71547619047618
81434,weekday,251.7021223507552
18630,weekend,251.69927646355967
64512,weekend,251.66498599439777
67655,weekend,251.4647657822279
12380,weekend,251.23495119713905
45692,weekday,249.8207427904661
11352,weekend,248.8331685971655
56031,weekday,247.68738545792525
75670,weekday,247.39596955805968
68598,weekend,247.08046732153596
49733,weekday,245.85182567525322
6050,weekend,245.57241820758253
47872,weekend,245.5421589456177
81440,weekday,245.4109988394818
56161,weekday,245.19906658295807
85796,weekday,244.94538638809217
71359,weekday,243.42675706399362
77890,weekday,242.97529350598842
85796,weekend,242.8086692154
64802,weekend,242.69326906585735
11060,weekend,242.23028784789406
65015,weekday,241.90936187200427
60010,weekday,241.66168144264188
13870,weekday,241.54539304857127
42080,weekend,241.35587676299545
8870,weekend,241.28093293037767
6940,weekday,241.20986681268897
49490,weekday,241.01587659414392
60480,weekend,240.9511265848649
12322,weekend,240.71413840626417
25880,weekday,240.51372969499087
17950,weekday,239.44093719530358
29540,weekday,239.4117524726653
29280,weekday,239.35691056910568
26400,weekend,239.35525269036415
17694,weekend,239.0921355379412
45960,weekend,239.03022977379592
5419,weekday,238.81124889374587
12010,weekend,238.80615468505496
74450,weekend,238.08727970221918
2250,weekend,237.65831188617426
5492,weekend,237.37412583493816
1340,weekend,237.26756129816567
64333,weekend,236.02948717948718
75909,weekday,235.76108929629243
49930,weekend,235.73568300638863
21833,weekend,235.37573757819993
74232,weekend,234.9955549783727
26010,weekday,234.80245965348968
14360,weekend,234.14486056335545
62328,weekend,233.73478085459493
60150,weekday,233.70020846443543
8494,weekend,233.6750682506067
80762,weekday,233.63120762376275
49733,weekend,233.48413500081443
7350,weekend,231.9164068443377
2250,weekday,231.9041860915756
50703,weekday,231.63851805720932
9000,weekend,230.8790486364195
45780,weekend,230.86419247652614
12010,weekday,230.7255124413274
61446,weekday,230.62251338408018
1370,weekend,230.34989773130198
61441,weekday,230.0840728901208
9580,weekend,230.05691251503242
29270,weekday,229.80740099110577
590,weekend,229.58474238941008
41955,weekday,229.49408455563733
5790,weekend,228.82385978015043
45960,weekday,228.61889150000619
51520,weekend,228.53984689932216
29270,weekend,228.48814203305056
71341,weekend,228.3614935577341
26510,weekend,228.13098767420414
53538,weekday,228.11889330869124
15395,weekday,227.76061790856022
71326,weekend,227.6279003139286
16390,weekend,227.57955012069024
57806,weekend,226.7213496335932
12600,weekday,226.66072835621222
8681,weekend,226.1433850986046
29600,weekday,226.1090516774809
99267,weekday,226.07693912560518
80509,weekday,225.8489228909067
8760,weekend,225.5783843610602
10915,weekday,225.5229763995551
31140,weekend,225.37160879262404
23610,weekday,224.7667383640725
22160,weekday,224.67622048401356
41900,weekend,224.4234365827594
64448,weekend,224.33150183150184
6940,weekend,224.21581689915024
75307,weekday,224.17195242925706
29245,weekday,224.0994782695215
11200,weekend,223.7626550799118
85250,weekend,223.54820493912771
30170,weekday,223.43075681621815
2010,weekend,223.33131939304192
82854,weekday,222.88377976190475
18390,weekend,222.6658035672754
13282,weekday,222.653204585631
26965,weekend,222.01109333596978
1085,weekend,221.8778651122074
59358,weekday,219.72827731295672
11150,weekday,219.2356267093256
7350,weekday,219.01920237731056
36931,weekend,218.92713350466178
29245,weekend,218.9207435875621
57113,weekday,218.8532722294644
85782,weekend,218.77216117216116
68370,weekday,218.75492345860366
32165,weekend,217.58979797454035
29540,weekend,217.2478821271443
80496,weekend,217.05830170132123
28210,weekday,217.05790061082004
50480,weekday,216.97506690174149
15201,weekday,216.8377341235275
5710,weekend,216.792785635505
57127,weekday,216.63509425601902
12487,weekend,216.54667654807523
21833,weekday,216.53133300781323
49440,weekend,216.45706117549022
9605,weekday,216.43936717545003
844,weekend,216.39987791426054
17160,weekend,216.12660764198867
98105,weekend,215.4683436823048
8330,weekend,215.128014404939
50734,weekday,214.8494867835824
70826,weekend,214.42339659742592
64960,weekday,213.62867138628044
74785,weekday,213.25408343003133
1420,weekday,212.7047237849186
18465,weekday,212.62200161392462
42080,weekday,212.2829185889219
11080,weekend,211.7028578152031
80509,weekend,211.37329233181086
52636,weekday,211.25872766064026
64448,weekday,210.49764851830554
71335,weekend,210.2857398510635
27175,weekend,209.8079836372829
68370,weekend,209.75129341758975
40802,weekday,209.7432212977585
67944,weekend,209.63264092211764
64333,weekday,209.16603491999427
18220,weekend,209.1584284038887
75307,weekend,208.94339572868574
21440,weekend,208.92414257481124
39340,weekend,208.79805853913697
13760,weekday,208.41799052954516
35570,weekday,208.37544836579923
26645,weekend,208.32900203497715
98750,weekend,207.84327964345326
28780,weekday,207.78618961196094
30538,weekend,207.7002720631027
37460,weekday,207.63195223714848
31135,weekday,207.5797619047619
70130,weekday,207.56755752242645
16103,weekend,207.33065695544786
53070,weekend,207.02181069535996
31930,weekend,206.8429680980226
3600,weekend,206.70489209044004
31350,weekday,206.65419309404743
85782,weekday,206.51475274917044
39340,weekday,205.94649812120437
99271,weekday,205.90263582203238
19630,weekday,205.82336132938505
68390,weekday,205.63579040144523
30635,weekend,205.6004335127644
64845,weekend,205.5839992182452
58084,weekday,205.47644728003547
84352,weekday,205.45182813429193
61310,weekday,205.41245212666854
2295,weekend,205.3818818997926
65335,weekday,205.19250501159075
60450,weekday,205.07055550015465
31670,weekend,204.74191849421499
57806,weekday,204.42546984665478
57892,weekday,204.1774209708526
71954,weekend,204.02134773752317
45410,weekday,203.9556011301229
81755,weekend,203.85872551519716
4500,weekday,203.4916917530702
35319,weekday,203.4396344874264
70516,weekday,203.03863636363636
2330,weekend,202.8501956526824
29091,weekend,202.82302717615036
2180,weekend,202.675746410782
50787,weekday,202.64407034383913
40097,weekday,202.61920654984075
2220,weekend,202.6025638049573
250,weekday,202.46239867929918
12640,weekday,202.41892282250822
59200,weekend,201.91112064151568
32150,weekend,201.6902087691609
71331,weekend,201.1857795596685
625,weekday,201.118205324078
8590,weekend,201.09135388451313
10562,weekend,200.99004107227086
68398,weekend,200.89219255091072
55940,weekday,200.57579365079366
36931,weekday,200.38885327714556
11200,weekday,200.31480586605443
68390,weekend,200.05207166428872
8090,weekday,199.58333333333331
31731,weekend,199.51249474458174
40828,weekend,199.47748049725763
69028,weekday,199.3418727451561
99267,weekend,198.80263815402705
58137,weekday,198.77107279693487
45453,weekday,198.7350701693097
18465,weekend,198.69018704646848
18440,weekend,198.68549183619862
10916,weekend,198.65454652820588
10280,weekday,198.63299901186883
26510,weekday,198.4845802222087
997,weekday,198.33620704243918
50010,weekend,198.3210325108889
74270,weekday,198.27872090144447
11358,weekend,198.13274923626648
12350,weekend,198.07255426450837
18740,weekday,197.9768997885085
37840,weekday,197.9512307404744
36145,weekend,197.91553073152338
17698,weekend,197.88491562449894
10641,weekend,197.852918860755
9147,weekday,197.80029689618132
7730,weekend,197.71986403362652
60747,weekday,197.6879970730059
40828,weekday,197.20957475851887
75409,weekend,197.08216374046143
75670,weekend,196.55788523970986
20530,weekend,196.53345297838754
38730,weekday,196.3190630065563
19440,weekday,196.25684548608416
3210,weekend,196.24708115187966
70702,weekend,196.21932124757342
16106,weekend,196.09413536220904
12640,weekend,196.0905092937867
67470,weekend,196.07195585010209
84014,weekend,195.93290458980982
15460,weekday,195.6989037094341
29600,weekend,195.31754327638816
29405,weekday,195.20746468805748
1110,weekend,194.73423721340387
77890,weekend,194.55103990594907
64590,weekend,194.2992811667287
39260,weekday,193.55537157406718
52636,weekend,193.43432389315788
45780,weekday,192.9287217106084
82235,weekday,192.7291317480556
58084,weekend,192.58097192174128
9575,weekend,192.38694111448677
7210,weekend,192.37237639544523
58394,weekday,192.2193063274375
57640,weekday,192.08130320370825
4370,weekend,192.07338766139281
16390,weekday,192.06705398829763
26860,weekday,192.0330241449896
98750,weekday,191.87065830997213
80380,weekday,191.47275572887702
29247,weekday,191.31230611908128
23831,weekend,191.30361467801276
41930,weekend,191.21757882102403
31590,weekend,190.92366532639542
1580,weekday,190.79739073361807
1370,weekday,190.68002613112927
27910,weekday,190.54906730414763
12690,weekday,190.09289370009998
450,weekend,189.94226192521663
21450,weekend,189.78466443074348
29231,weekend,189.68598689268418
64840,weekday,189.4595238095238
55780,weekday,188.93706927035308
5400,weekend,188.92648678233834
7950,weekend,188.80200181567838
31137,weekend,188.71528357974898
75403,weekend,188.6739202640256
37940,weekday,188.6381195083551
23831,weekday,188.59647960239317
64845,weekday,188.55037814864593
73816,weekend,188.44095435412228
68354,weekend,188.42040003422173
12600,weekend,188.37178315675413
41830,weekend,188.2653569033818
1120,weekend,188.0596211571746
39431,weekend,187.74612743311283
70529,weekday,187.67992424242425
64622,weekday,187.625104427736
75909,weekend,187.60635393292256
1180,weekend,187.39051054377268
1420,weekend,187.03095223964212
31731,weekday,187.008929186223
81980,weekday,186.94919901309413
51520,weekday,186.86257052621082
68597,weekday,186.67210607361133
5330,weekend,186.54780620167995
7210,weekday,186.2731252813055
73350,weekend,186.12004350530762
73240,weekend,185.99005322033713
22160,weekend,185.7009759681554
75932,weekend,185.67204683122077
3210,weekday,185.44446967684547
5420,weekday,185.21040019010758
29262,weekday,185.10771018141182
8541,weekend,184.98596736238153
69126,weekend,184.90534258452388
28080,weekday,184.8069411696714
41450,weekday,184.77024435207503
2370,weekend,184.4857366185099
28210,weekend,184.4203784199035
6640,weekday,184.38114410336124
80515,weekday,184.26941619239062
36940,weekday,184.2010458517072
37940,weekend,184.07780238376716
13005,weekday,184.0348151339739
16520,weekday,183.77135967810435
10640,weekday,183.65520936468397
1530,weekend,183.64749447517798
10916,weekday,183.62495970030497
3600,weekday,183.54874361724367
59882,weekday,183.2052076888184
77490,weekday,183.19285320197346
46770,weekday,183.02032942055033
28470,weekday,182.96617144338953
19140,weekday,182.8328397322288
8210,weekend,182.64599392303447
30460,weekend,182.42540040624277
36525,weekday,182.27975220160937
46233,weekday,182.08377463950248
8401,weekend,181.69776363699592
75732,weekday,181.65713536002136
9141,weekday,181.63418733444357
3037,weekday,181.48149303338693
23895,weekend,181.28395531192228
73130,weekday,181.0292687999835
57127,weekend,180.57072652822907
46541,weekend,180.55235660492082
64065,weekend,180.33422779742625
1690,weekend,180.22673034113183
21440,weekday,180.15089704040173
84264,weekend,179.99638234748662
85902,weekend,179.94571659817254
31610,weekend,179.84190351934737
72881,weekday,179.8128206689649
14360,weekday,179.76046405668524
6440,weekday,179.5889530597593
60900,weekday,179.57321156284763
39260,weekend,179.24287205923784
68200,weekday,179.17138373910151
13005,weekend,179.03669088308516
69876,weekend,179.00753289919956
80710,weekday,178.69879201351958
74785,weekend,178.55407114932933
59882,weekend,178.27910415268718
9141,weekend,178.25449532695922
68750,weekend,178.24402542314252
79562,weekend,178.15033262072248
16380,weekday,178.14780899808602
619,weekend,177.80402798131482
59200,weekday,177.63445534754766
62234,weekday,177.25119635021386
26400,weekday,176.9255401871756
433,weekend,176.90691837502663
65252,weekend,176.68930047124223
41740,weekend,176.67443496869697
10030,weekday,176.60708976051734
75820,weekday,176.4392693070498
84263,weekday,176.37408030667189
82167,weekday,176.2675814204604
61441,weekend,176.22037841806934
50734,weekend,175.8766892722001
8110,weekend,175.84284928742227
9000,weekday,175.68097520205933
11190,weekend,175.54787208903036
64305,weekday,175.48978263779074
21620,weekend,175.48238518886214
6237,weekday,175.130492408085
11358,weekday,175.0137251385733
65049,weekday,175.0108265953682
35600,weekend,174.9596533477715
47320,weekday,174.34391520510616
68740,weekend,174.28559937948765
38830,weekday,174.23614018208443
53503,weekend,174.1527086642571
85260,weekday,174.11983855131777
48810,weekday,174.0020057423276
18740,weekend,173.94573770259836
85942,weekend,173.93971467129361
25240,weekend,173.71540600879982
13282,weekend,173.6625319700055
59740,weekday,173.5192765251908
2244,weekday,173.51723512051535
515,weekend,173.08419656065882
7160,weekday,172.97211880995005
49490,weekend,172.40866587558114
71346,weekend,172.3900312669167
16440,weekend,172.3361985398492
62234,weekend,172.33007084926754
76830,weekend,172.22892435280173
53503,weekday,172.21303878083265
57452,weekday,172.04319200509252
20890,weekday,171.96504232421344
2220,weekday,171.72157923668667
31930,weekday,171.40462064865142
37081,weekday,171.28578230320167
7430,weekday,171.08491709775015
73130,weekend,171.0191045785934
21141,weekend,171.00653158791084
41902,weekend,170.97752010454505
41247,weekend,170.90842712713655
16520,weekend,170.7205506446829
4500,weekend,170.68806750744562
82770,weekend,170.5086407232607
73079,weekday,170.5030303030303
48880,weekday,170.4620240668116
43020,weekend,170.39982585840454
41121,weekend,170.27703953473576
64579,weekday,170.1560168459739
68803,weekday,169.89296964228276
70040,weekend,169.8325990744509
84292,weekend,169.6964317150474
840,weekday,169.359720464453
300,weekday,169.31934129877396
3484,weekend,169.092712406858
37081,weekend,169.0690885677075
74270,weekend,168.95163746881414
39443,weekday,168.94087653799022
57210,weekday,168.93791368884808
27570,weekday,168.93000497136524
30140,weekday,168.79704778662142
625,weekend,168.65017733451737
36890,weekend,168.25623359520964
2330,weekday,168.19228091501708
65940,weekday,168.16577085766227
41989,weekend,168.14899816354065
16430,weekend,168.06309799880097
39429,weekday,168.05212489167155
41740,weekday,167.79753233441383
9132,weekend,167.64181885542945
40032,weekday,167.61223762268207
68005,weekday,167.53672954720668
61330,weekday,167.40756803958527
77490,weekend,167.19596507160233
72314,weekend,167.1255981232099
40880,weekday,167.05269665083344
29091,weekday,166.84735312546394
3860,weekend,166.80580975489772
80031,weekday,166.5450418597508
68355,weekend,166.46965165752144
68440,weekend,166.1957825527872
82110,weekday,166.12370210192756
57113,weekend,166.10224511886167
47972,weekday,166.06803422553511
47390,weekday,166.05721355026947
41255,weekend,166.05003030290592
10641,weekday,166.04799664298605
8330,weekday,165.93676545511227
3032,weekend,165.90109878876768
6340,weekday,165.88181924459062
85924,weekend,165.75666242776566
81980,weekend,165.69090782848644
80720,weekday,165.4968071613198
1580,weekend,165.43959865357277
3930,weekend,165.12111095421253
40073,weekday,165.0526040432219
10640,weekend,164.9718465751677
11030,weekend,164.93046312852255
9575,weekday,164.83096943449672
41450,weekend,164.79922169645266
79560,weekday,164.77073595503182
21104,weekend,164.72216805122932
12860,weekday,164.71684422713687
70814,weekend,164.71490384376318
30170,weekend,164.5714117659695
39976,weekend,164.44353825456298
7730,weekday,164.2901372773961
5790,weekday,164.2427212074612
55651,weekday,164.20103246918353
47263,weekday,164.03281489519057
67015,weekend,164.0305564957347
3860,weekday,163.95204440581392
82878,weekday,163.92799994292918
11085,weekday,163.68663201263314
66880,weekday,163.6777797319984
20650,weekend,163.59125711489534
25880,weekend,163.40287883160835
70826,weekday,163.2024399168158
24680,weekday,162.92615168101193
12210,weekday,162.74546294978833
3883,weekend,162.70277851843284
68498,weekend,162.68124947568683
75409,weekday,162.5452105124794
430,weekend,162.53428954291803
29225,weekend,162.417924678354
1340,weekday,162.23705887961924
5550,weekend,162.02654033058784
10910,weekend,161.99426821297223
53070,weekday,161.98357704214106
3037,weekend,161.75823996362212
57210,weekend,161.68808496072037
16280,weekend,161.67797287363564
9134,weekend,161.59215877588198
29231,weekday,161.4801411050609
1250,weekend,161.47344018469983
45191,weekend,161.17788720301667
80031,weekend,160.92512534399356
40032,weekend,160.9215294971295
26860,weekend,160.86558277081411
375,weekend,160.82310981779983
5710,weekday,160.78836046219868
320,weekday,160.71484308598139
16112,weekday,160.63126447184092
68440,weekday,160.55909920323876
22710,weekend,160.5419547069518
30970,weekday,160.463446192742
59552,weekday,160.3357000326115
49724,weekday,160.3222950156934
74721,weekday,160.26788141032796
13200,weekend,159.6364547705533
85210,weekday,159.3678402387457
47570,weekday,159.25851512431908
67013,weekend,159.2539261329746
11080,weekday,159.0847634457332
23390,weekday,159.03790458921995
24250,weekend,158.9954732038401
30453,weekend,158.6638744146475
880,weekday,158.61204056896796
29240,weekday,158.5832336534078
77738,weekend,158.53426632251208
50703,weekend,158.453506362059
2672,weekend,158.41314519660153
400,weekday,158.29452547484448
68750,weekday,158.02205639217985
45692,weekend,157.9433085444032
320,weekend,157.8840660775988
68740,weekday,157.81499303631563
34690,weekend,157.7367487492071
39431,weekday,157.48756163545676
5330,weekday,157.46619126140362
24360,weekend,157.37170081762147
18120,weekend,157.20130021513415
99751,weekday,157.18532562400443
12690,weekend,157.11857641701602
60150,weekend,157.10047943200118
71346,weekday,157.08050018796158
548,weekend,157.05680595077266
47255,weekend,156.94725515136145
22152,weekend,156.94592979151057
67944,weekday,156.8539009715926
27350,weekend,156.82403996778126
20700,weekday,156.5597976774006
31132,weekday,156.39500605004952
64555,weekend,156.3902914407462
844,weekday,156.34118494201826
2995,weekday,156.03272362473746
72015,weekday,155.81476275993197
50330,weekday,155.75163974359066
46791,weekday,155.68305804035407
5420,weekend,155.66233177181138
31230,weekday,155.6360146276297
13293,weekend,155.49597225886285
3032,weekday,155.49148071642858
40075,weekday,155.36046511627907
85964,weekend,155.334283625731
9580,weekday,155.29369926414128
6050,weekday,155.29123787893812
85725,weekday,155.21532920333996
71339,weekday,155.1619907779096
8402,weekend,155.12186635804514
75414,weekend,155.1011843000314
46792,weekday,155.04546508588504
31230,weekend,154.91544125962005
75403,weekday,154.80122032412942
67150,weekday,154.68765955341752
15540,weekend,154.6393936621769
7160,weekend,154.62420809580587
62079,weekday,154.5866684946096
61446,weekend,154.40074419498438
31610,weekday,154.37621376605344
71326,weekday,154.35248256795995
29257,weekday,154.34559287115934
23610,weekend,154.32837511710687
400,weekend,154.3090561591495
8401,weekday,154.2513429717868
48810,weekend,154.00430273436976
31460,weekday,153.956321245562
80380,weekend,153.872324582064
10562,weekday,153.7948191772612
46504,weekday,153.73036631216019
905,weekday,153.66184051615855
81420,weekday,153.66117369931237
58079,weekend,153.53514073779903
70170,weekday,153.498052952116
28080,weekend,153.406133008352
5400,weekday,153.26947830112658
12910,weekday,153.26240308352985
46822,weekday,153.2596109578724
61999,weekday,153.1883688461516
26010,weekend,152.93016392407515
32165,weekday,152.74940424375148
57459,weekday,152.69497554167268
72420,weekday,152.5664688000958
80004,weekday,152.54527799132202
41247,weekday,152.48810975907057
1085,weekday,152.3787639874516
75408,weekday,152.37374031732224
8440,weekday,152.33205318594355
21450,weekday,152.3054384650973
46791,weekend,152.2999407999408
82235,weekend,152.02649222776682
53538,weekend,151.9734013287657
80496,weekday,151.93617754318322
67026,weekday,151.82812053116274
99263,weekend,151.8230750565675
41890,weekday,151.7856083322236
71339,weekend,151.74208106987112
49930,weekday,151.73446529112394
20650,weekday,151.51972019443159
19790,weekday,151.48976603728667
16440,weekday,151.48740464684204
10280,weekend,151.37667925608858
72311,weekday,151.3325427681243
65092,weekday,151.27041186257648
1530,weekday,151.20216879505293
10914,weekend,151.17036882746652
64802,weekday,151.15759395423396
59310,weekday,151.15500790172942
10860,weekday,151.12891215113171
9560,weekend,151.09104933458497
12485,weekend,150.95259921056444
12550,weekend,150.95001529511745
46092,weekend,150.9258273952928
9132,weekday,150.77893572659784
11910,weekend,150.76257764940016
40068,weekend,150.73626918212824
3470,weekend,150.6675193840767
67595,weekday,150.65785760662482
60800,weekday,150.53457837182333
29242,weekday,150.53099165295765
36145,weekday,150.50851763700203
80322,weekday,150.14434099944447
57429,weekday,150.0679335472496
38658,weekday,149.98683673469387
15190,weekend,149.9835412028582
70220,weekend,149.76798632023397
70220,weekday,149.53450467866065
45410,weekend,149.3001005934694
48880,weekend,149.27836861020413
2740,weekend,149.0627024725001
77738,weekday,149.0124462052147
420,weekend,148.90023606416463
570,weekend,148.84142840213178
12550,weekday,148.83339648293048
431,weekend,148.81853635019309
2672,weekday,148.80524605685295
12497,weekday,148.71566035987328
61467,weekday,148.43566724715666
12880,weekend,148.4058354453199
1250,weekday,148.25604249850232
40880,weekend,148.1770435226082
21080,weekend,148.01989520275396
52301,weekend,148.01307589701725
79570,weekday,147.88350476421726
880,weekend,147.7748225096668
46880,weekend,147.7665624498958
25752,weekday,147.72590892352545
20700,weekend,147.6887930702708
20910,weekend,147.6520768254308
67019,weekend,147.593753596442
21945,weekday,147.5894634245527
600,weekend,147.57659353962455
69876,weekday,147.519687090741
46840,weekday,147.41143183464195
3700,weekday,147.3021778386047
60450,weekend,147.2303145853983
11132,weekday,147.0759814219406
68007,weekend,146.85327068084808
75408,weekend,146.7745611457252
62079,weekend,146.7424470667482
14090,weekend,146.7417963376744
46479,weekday,146.44621496759413
18085,weekend,146.43678931553413
85260,weekend,146.25794532627867
70040,weekday,146.20308671549034
21990,weekend,146.12089556509585
30635,weekday,146.11610833761316
31590,weekday,145.9933313009798
60320,weekend,145.9889580154698
13540,weekday,145.89568157868112
47416,weekday,145.84580541776774
28030,weekday,145.8424270442366
60320,weekday,145.7286177232687
28680,weekend,145.59658625257967
39983,weekend,145.55566151338357
30460,weekday,145.5097761442489
85250,weekday,145.50554385914936
81665,weekday,145.46699544989235
37090,weekday,145.3848339274025
375,weekday,145.35298718076174
28600,weekday,145.15569139377186
24360,weekday,145.0412530329343
57453,weekend,144.92169081366745
49110,weekday,144.63703178404026
77630,weekday,144.62652381741822
16112,weekend,144.34909316264924
32150,weekday,144.25881721904094
71210,weekday,144.03402618612031
79234,weekday,144.01896061990888
10500,weekday,143.96088519897108
64465,weekday,143.9505311479723
79520,weekday,143.37205414824638
1180,weekday,143.2846521966414
85964,weekday,143.15753941866393
62173,weekday,143.1289577089492
41390,weekday,143.11910505430242
430,weekday,143.07937804156094
12805,weekday,143.06300552662708
50480,weekend,143.03140059794973
62139,weekend,142.98404299518216
3150,weekend,142.9646541639056
8402,weekday,142.90760907381318
24260,weekend,142.86481481481482
17010,weekend,142.82855098595854
79874,weekday,142.75130112682942
3700,weekend,142.7213783227422
58079,weekday,142.65677935179974
75310,weekday,142.64798372100037
5980,weekday,142.2948374469451
64502,weekend,142.19882739308915
84031,weekday,141.8215724114207
74041,weekday,141.71987516734
82280,weekend,141.71929424662684
15140,weekend,141.5383548506299
2550,weekend,141.4655256710914
11030,weekday,141.46273739807373
9900,weekday,141.38224596786185
45453,weekend,141.28856245100755
48346,weekend,141.21896914766452
36155,weekend,141.15655999825967
80485,weekend,141.04122765995672
18085,weekday,140.79367185380693
31910,weekday,140.78195147925177
59860,weekday,140.6023323842009
5492,weekday,140.5999034595046
52301,weekday,140.59696140686887
30538,weekday,140.59495883760405
73240,weekday,140.00292501476744
46365,weekday,139.8557107920652
71355,weekend,139.73655069602611
99253,weekend,139.65292072908903
16860,weekend,139.3844620893894
62198,weekday,139.30738200321787
3883,weekday,139.2422838356089
3810,weekday,139.2388664905128
46819,weekday,139.23638262322473
47263,weekend,138.90183585182703
47080,weekday,138.86061228254974
55780,weekend,138.84098712064454
24260,weekday,138.83024083196497
85942,weekday,138.75562324661436
10912,weekend,138.7539492850872
60457,weekday,138.58529969309757
76770,weekday,138.51056420692268
41121,weekday,138.49811663535732
75932,weekday,138.43463092647121
79562,weekday,138.3371939080767
75405,weekend,138.33368091492665
29262,weekend,138.2987488281131
67470,weekday,138.18960718192645
76376,weekend,138.15785656047134
76302,weekday,138.02202768706772
8681,weekday,137.96140507019638
9605,weekend,137.77428931503118
46092,weekday,137.76927822681648
31670,weekday,137.69592788258814
3800,weekend,137.62760982650556
46840,weekend,137.37879527879528
29225,weekday,137.36598031968455
48630,weekday,137.35897860588423
60161,weekday,137.33903305629389
450,weekday,137.31319073829007
47255,weekday,137.28479744344293
36680,weekend,137.1089442876162
48630,weekend,136.95896670990314
62139,weekday,136.83531284984605
14090,weekday,136.7995798654535
58132,weekday,136.7611780930971
76595,weekend,136.5959091168386
76302,weekend,136.5132099788487
74234,weekday,136.5116255670981
35790,weekend,136.37199281949307
71328,weekend,136.14523913948838
433,weekday,136.07118396203188
75884,weekday,136.06371397271738
46464,weekend,135.96948645587432
59316,weekday,135.94429877270804
31140,weekday,135.73123271478408
3155,weekend,135.72775339542054
60902,weekday,135.5020663139494
42500,weekend,135.45080701041402
13293,weekday,135.28308408442334
61460,weekday,135.0170424059648
30340,weekend,134.91260475882004
77400,weekend,134.77036260579237
68354,weekday,134.73413602420442
99261,weekend,134.6172890948138
25797,weekend,134.5787263346837
79560,weekend,134.54193221043627
3209,weekday,134.54122218931175
2370,weekday,134.51703650723866
46130,weekend,134.40372887942286
9900,weekend,134.31079454488633
21104,weekday,134.3062310621105
35318,weekend,134.28564192420896
60922,weekend,134.2758908191394
75110,weekend,134.21751201442248
46776,weekday,134.04013654771748
22820,weekend,133.8734515774879
72984,weekday,133.82707264455803
22830,weekday,133.8234372751354
36940,weekend,133.79659602210037
76820,weekday,133.70891628025356
38235,weekday,133.68042619351647
75732,weekend,133.65103933648052
10912,weekday,133.6486575838405
21080,weekday,133.56840424076495
81418,weekday,133.55903669786662
21620,weekday,133.43315230645808
50010,weekday,133.3199853889569
67655,weekday,133.22849390616338
3810,weekend,133.18588585409879
58088,weekday,133.10833411581058
65287,weekend,133.07688132266796
16240,weekend,132.99896273137014
17695,weekend,132.72390939269712
76021,weekday,132.46681274997906
75460,weekend,132.39522541557687
26210,weekend,132.3875285832428
60923,weekday,132.3749242721917
61462,weekday,132.35393842513028
64593,weekend,132.32417582417582
50787,weekend,132.27984489082667
59860,weekend,132.24369694988476
59310,weekend,132.102971893558
9587,weekend,131.97876334471587
29273,weekend,131.714554334634
73419,weekday,131.4995200633165
38830,weekend,131.29694762572214
68355,weekday,131.16421828186344
22710,weekday,131.01279180764726
26645,weekday,131.0057109202655
10860,weekend,130.9110245208125
21945,weekend,130.74612217429316
46880,weekday,130.61243153254276
62133,weekend,130.50452924938833
74232,weekday,130.48768155736806
14200,weekday,130.35427125262652
60459,weekday,130.28271600997556
10911,weekend,130.07479262511498
58782,weekday,129.8097519656991
12497,weekend,129.71869356313067
64065,weekday,129.5973095649397
3800,weekday,129.52034390594648
25110,weekday,129.40896916341015
35110,weekend,129.37258621095887
37130,weekday,129.29046066580023
32011,weekend,129.21325671206287
22850,weekday,129.2111111111111
79234,weekend,129.01399178407215
46890,weekend,128.9273917440584
11070,weekday,128.918377239272
39890,weekday,128.7550301289529
82770,weekday,128.38242634835396
30140,weekend,128.1325462271631
76710,weekday,128.08026502624512
57119,weekday,128.02637028212058
77740,weekday,128.02163168893736
60482,weekday,127.92785569058981
22557,weekend,127.91794813583849
59316,weekend,127.78237667438755
34690,weekday,127.46791578465778
35600,weekday,127.218776326786
31920,weekend,127.08978705329231
16680,weekday,126.96770834270119
59176,weekday,126.8920555910039
64583,weekday,126.85940516772085
9670,weekday,126.82382853945025
16430,weekday,126.60751721461942
2640,weekday,126.53318565009793
57429,weekend,126.49735195861828
43095,weekend,126.28326465991917
605,weekend,126.26324491695837
28030,weekend,126.0725595518204
39790,weekday,125.99788207338322
47320,weekend,125.74309469081274
29257,weekend,125.73313606980217
62173,weekend,125.68718657382625
76372,weekend,125.64735814873012
84264,weekday,125.55993519225741
29261,weekend,125.53046716470583
21850,weekday,125.34359131394547
46871,weekday,125.27667863759942
60482,weekend,125.16139680362345
82780,weekday,124.91878170616513
1610,weekend,124.83907700884521
15140,weekday,124.81520486236786
1471,weekend,124.76960274668298
55050,weekday,124.42081955714232
2940,weekday,124.40086442462163
59176,weekend,124.3940611988083
81677,weekday,124.35250346662048
17710,weekend,124.34231853182273
4489,weekend,124.24414292598175
79570,weekend,124.21956849051507
47403,weekday,124.13079154086049
72983,weekday,124.04495149521239
38653,weekend,123.94357061864905
99252,weekday,123.94216165207769
9134,weekday,123.89740852757816
22152,weekday,123.83264011256134
62104,weekday,123.69219697034187
81684,weekday,123.67623292858023
3430,weekend,123.58812561588222
34910,weekend,123.53446649378776
16680,weekend,123.52555916305917
54002,weekday,123.43284168211163
52304,weekday,123.16820011406371
3209,weekend,123.13079281390385
47419,weekday,123.09621749339438
12350,weekday,123.08770114651388
70820,weekday,123.04366638008588
59400,weekend,123.03627673705007
59580,weekday,122.91731410354062
22820,weekday,122.89810998066082
70814,weekday,122.89615796712978
619,weekday,122.82171983798538
58088,weekend,122.75054438081253
67013,weekday,122.69724947037899
3380,weekend,122.68089942063182
2640,weekend,122.67501071339014
3430,weekday,122.41636890883805
64566,weekend,122.37392446029433
61082,weekday,122.3562322709117
64545,weekday,122.26288495089796
10513,weekend,122.25471877105083
99750,weekday,122.25387090392736
46464,weekday,122.17392200652372
29243,weekend,122.06556361843472
61467,weekend,122.02539549099296
56872,weekday,121.94683309063548
70310,weekday,121.85203948002719
3484,weekday,121.85060038453557
23561,weekday,121.79523027160755
82700,weekday,121.79178124183574
41830,weekday,121.76913910283257
60922,weekday,121.74909573363952
68438,weekend,121.73141024173555
80720,weekend,121.71614210890581
40068,weekday,121.6776060215838
27350,weekday,121.60972486349691
17022,weekend,121.57085414585414
47175,weekday,121.26031782436539
39976,weekday,121.25772574348768
25000,weekend,121.24193150198242
431,weekday,121.20499404102804
46233,weekend,121.02671409974482
59842,weekday,121.02549800340397
75555,weekday,120.66006155004
25797,weekday,120.473846852955
9978,weekend,120.39040886315699
22560,weekend,120.265840204045
510,weekend,120.22591251270916
52030,weekend,120.12575810688057
69874,weekday,120.11180599210401
9582,weekend,119.9382952093812
58132,weekend,119.6666788529057
75790,weekday,119.6458520825439
74234,weekend,119.5805255904452
3470,weekday,119.48996603182668
81472,weekday,119.42783736978863
17695,weekday,119.30502150068277
35530,weekend,119.25558499951687
2850,weekend,119.20677823506647
71850,weekday,119.17344547643619
17022,weekday,119.169369551324
3930,weekday,119.07062761690338
80433,weekday,118.9769153804279
85251,weekend,118.93151039161029
46769,weekday,118.79552107403721
12780,weekend,118.57927323617494
62198,weekend,118.44371991998207
61462,weekend,118.37568738884809
79610,weekend,118.33306881096061
12880,weekday,118.21946725463889
57774,weekday,118.2168295246318
47390,weekend,118.20693459642992
75881,weekday,118.16991462586013
9978,weekday,118.14996759052036
84292,weekday,118.10554518246896
67014,weekend,118.04054090581693
73059,weekday,117.9666504413639
35825,weekday,117.83563612296616
620,weekend,117.78161459495475
19670,weekend,117.74301405486267
570,weekday,117.70225793386727
62104,weekend,117.6466820973336
47240,weekday,117.61504086742801
57452,weekend,117.56076264007137
16800,weekend,117.46082585110362
57901,weekday,117.41969498361122
18120,weekday,117.38379126037611
57350,weekend,117.35425119686857
52304,weekend,117.27178966382596
57350,weekday,117.23301055481018
17960,weekday,117.22711316031749
59312,weekend,117.2059183280687
12485,weekday,116.65551933408136
83703,weekday,116.60799644928183
57775,weekend,116.59859233120065
68200,weekend,116.5853318494846
80004,weekend,116.57527098087682
13200,weekday,116.57373104969659
74710,weekend,116.51846307327325
38050,weekend,116.4939428206217
12910,weekend,116.44087099426207
23390,weekend,116.3579820346835
59740,weekend,116.09716570671809
62133,weekday,115.75521535978231
58394,weekend,115.46538690040884
29249,weekday,115.42845528455285
22940,weekday,115.32050124804208
16280,weekday,115.31994361418464
61080,weekday,115.29719406750074
75414,weekday,115.22599673928866
50330,weekend,115.13757635489662
19670,weekday,115.11279933622465
69126,weekday,114.9609727923079
20530,weekday,114.92269987333474
1480,weekday,114.91541825540372
21990,weekday,114.90217902822694
99253,weekday,114.87604152188403
20250,weekend,114.86943492617779
46541,weekday,114.7775029269563
43020,weekday,114.76509422349349
79520,weekend,114.71981925224752
8090,weekend,114.51003086419753
27175,weekday,114.45327589812912
57640,weekend,114.42411511011923
38730,weekend,114.40688921174915
23895,weekday,114.40547971788929
40125,weekday,114.16579991632288
2940,weekend,114.10023738547476
84263,weekend,114.08666436783668
18785,weekday,114.03704481792717
9690,weekend,113.99466264613075
68398,weekday,113.94405018072106
82280,weekday,113.86100399785651
57902,weekend,113.7199808753398
59400,weekday,113.69433973333636
12780,weekday,113.45449574957833
85251,weekday,113.35562539023911
575,weekend,113.19018450626209
14960,weekend,113.14844906212315
71210,weekend,112.9684381482833
82700,weekend,112.93742163141428
39955,weekday,112.88759976039111
75007,weekend,112.81764772695006
5493,weekend,112.56076176909511
13600,weekday,112.45934179649421
46818,weekday,112.4451558175335
77400,weekday,112.42485614543637
85630,weekend,112.40816816212988
11070,weekend,112.33640128544083
46770,weekend,112.28530574363907
16570,weekend,112.16190476190476
8403,weekend,112.13199828075662
41902,weekday,112.04056880933756
23561,weekend,111.91502935421495
59881,weekday,111.75131996319023
19930,weekday,111.62443723674242
17010,weekday,111.60900843602279
5550,weekday,111.4134464325314
64561,weekend,111.38865829468371
22261,weekday,111.29048943340786
16419,weekday,111.20354706315553
30340,weekday,111.13183346419765
38910,weekday,111.1195721576844
60900,weekend,110.9548222572495
10914,weekday,110.893554785659
42500,weekday,110.8457783233537
74710,weekday,110.82952580888569
61310,weekend,110.80164616448344
38910,weekend,110.79387737820917
76595,weekday,110.60688712129566
82167,weekend,110.60030025299406
65287,weekday,110.59144526056946
6880,weekday,110.53091201366595
85725,weekend,110.39559460587616
71348,weekday,110.33945205613337
72294,weekday,110.29830988516262
71460,weekday,110.09681124374677
22264,weekday,110.01142100313488
69021,weekend,109.89894130053446
45010,weekday,109.89045790668935
57119,weekend,109.80326704015158
61080,weekend,109.58267959681272
8590,weekday,109.56217061434528
26210,weekday,109.53899309158649
29423,weekend,109.49617630017235
481,weekend,109.38613344780698
1480,weekend,108.95131076630871
2361,weekend,108.7896959021476
16132,weekday,108.67048771804964
75160,weekday,108.62013888888889
8760,weekday,108.57935506827728
68006,weekday,108.55761459642827
46792,weekend,108.53501683501683
13721,weekend,108.46258087200532
9670,weekend,108.39820219715227
25000,weekday,108.06223850989267
71961,weekend,107.89455416193458
60457,weekend,107.88000642182088
70597,weekday,107.79993686868687
1920,weekend,107.71360446029075
3155,weekday,107.60872375904535
67015,weekday,107.581121785487
60459,weekend,107.57486311024789
21141,weekday,107.5732310902199
64585,weekday,107.5621839754793
14230,weekday,107.53921320919403
48346,weekday,107.51776588001972
59312,weekday,107.47541928090567
76590,weekday,107.12951356753292
10225,weekend,106.75215852624974
99252,weekend,106.59109795944771
79214,weekday,106.52878695549806
46504,weekend,106.46122914040252
760,weekday,106.42299538353129
9135,weekday,106.32092311430696
83703,weekend,106.00247416936321
76660,weekday,105.94489202578525
39464,weekday,105.75294518699691
74721,weekend,105.69594911671885
13721,weekday,105.58937920258927
1050,weekday,105.58467612881304
57453,weekday,105.57848294916195
79610,weekday,105.54657094536974
71960,weekend,105.43429649509693
45301,weekday,105.4296127957226
40073,weekend,105.40980680801205
17694,weekday,105.35046941114432
76880,weekday,105.33700764907981
31811,weekend,105.27576804901098
25110,weekend,105.25852970274117
60923,weekend,105.15968058560534
13600,weekend,105.07051742596501
58500,weekday,105.00057771488412
72015,weekend,104.61329407312805
39070,weekend,104.6109236783484
1110,weekday,104.5347663903391
24250,weekday,104.40145284369864
1610,weekday,104.38427294613277
8210,weekday,103.91510866685893
16570,weekday,103.86457947682725
46130,weekday,103.85605135794705
60185,weekday,103.829359137787
56649,weekday,103.79365961160457
71460,weekend,103.7441290141559
34544,weekday,103.71084656084656
79296,weekday,103.50901280378835
5493,weekday,103.40384598001918
68598,weekday,103.33141846674472
76374,weekend,103.31095783858835
30970,weekend,103.15817653062186
81456,weekday,103.09210837089798
1270,weekend,103.00242620168876
57902,weekday,102.91275401153926
2995,weekend,102.72863782149824
68001,weekend,102.65603548856423
19898,weekend,102.5237129737949
61082,weekend,102.32110523221634
54146,weekday,102.21399699050153
10911,weekday,102.07031525671263
76372,weekday,102.02487456657451
65323,weekday,101.95717363127302
49110,weekend,101.93954248366013
79214,weekend,101.91479581603917
70130,weekend,101.86393529945191
45305,weekday,101.828273899336
46769,weekend,101.82396509591209
55926,weekday,101.7666679025245
52303,weekend,101.49919529132733
9690,weekday,101.45628747492302
57774,weekend,101.34924724023891
79952,weekday,101.2141793092198
57455,weekday,101.12280781250377
35318,weekday,100.84214993316965
47403,weekend,100.79448075526507
16860,weekday,100.76840424543667
11370,weekend,100.67569157320105
64140,weekend,100.49908319197077
3380,weekday,100.46680248084355
67636,weekend,100.42537402999555
81420,weekend,100.11659524263538
15060,weekday,100.01454963051951
71341,weekday,99.96185282005179
57901,weekend,99.7403255680928
67636,weekday,99.59744133070437
52305,weekend,99.42106888495118
62329,weekday,99.23407138165936
70702,weekday,99.17772101803793
73814,weekday,99.01656856906821
32120,weekday,98.79761904761905
36960,weekday,98.5984778371042
59881,weekend,98.53933540164554
12842,weekday,98.51308313798134
32011,weekday,98.44614904569177
26730,weekend,98.3674760000228
55926,weekend,98.08894748743829
98780,weekday,98.08281997514497
22380,weekday,98.01204828511786
73227,weekend,97.90213943829244
60903,weekday,97.81002610609612
19930,weekend,97.77071316699738
67019,weekday,97.53792082966542
22560,weekday,97.4702775623977
31132,weekend,97.28139896895524
37130,weekend,97.15907249653553
37849,weekday,97.09093492561087
59580,weekend,96.95765139315864
54146,weekend,96.91825714097787
60800,weekend,96.90622996332534
45648,weekend,96.88971975889737
61330,weekend,96.82144348666279
67595,weekend,96.66973053137421
12980,weekday,96.44000984231825
75304,weekday,96.37561741734278
47416,weekend,95.93606768745657
80515,weekend,95.93085142613879
82328,weekend,95.7602617556415
58342,weekday,95.63156064091906
70820,weekend,95.60668380953898
61999,weekend,95.57775217818752
36390,weekday,95.50499525217539
420,weekday,95.4311844604634
55583,weekday,95.19779968681502
72420,weekend,95.1638110038374
3150,weekday,95.09814758369043
99261,weekday,95.02814423684866
59282,weekend,94.89462652153779
16800,weekday,94.68255228219203
340,weekend,94.33958831867795
8494,weekday,94.30517639837097
60161,weekend,94.29114907949109
9560,weekday,94.24251126628103
38050,weekday,94.20908376411951
71828,weekend,94.11401295147952
11910,weekday,94.11205975449855
46478,weekend,94.06035723949516
75752,weekday,93.88375210526277
76830,weekday,93.87222497392565
75460,weekday,93.82449494949495
75110,weekday,93.81604084321475
1920,weekday,93.76357580076038
46766,weekend,93.72839506172839
57775,weekday,93.69156595154324
54842,weekend,93.68102540825384
64466,weekday,93.43035322081678
25240,weekday,93.0322884954402
76021,weekend,93.00392862495963
27780,weekday,93.00235907784923
72882,weekday,92.96639321447603
40075,weekend,92.7741935483871
46890,weekday,92.71898340074436
1215,weekday,92.57475578185203
64140,weekday,92.54617466394006
54150,weekday,92.46163811042975
8541,weekday,92.34799419894011
73818,weekend,92.0844763524672
54150,weekend,92.05793249939195
75756,weekday,92.04233884601123
76300,weekday,91.98921538697162
31811,weekday,91.83254587783891
16640,weekend,91.74146825396825
29261,weekday,91.6090548934843
39080,weekday,91.59978459625317
46465,weekend,91.49492338550256
11130,weekend,91.45385893783852
65014,weekday,91.43524425729719
76035,weekday,91.20252280346523
11191,weekend,91.14151510844201
20041,weekend,90.94106436192308
76660,weekend,90.52091836798036
47080,weekend,90.45617037283704
76770,weekend,90.4280975819238
9582,weekday,90.41532089621153
29380,weekend,90.33746697331182
82328,weekday,90.13108130028989
17698,weekday,90.12589795540018
58500,weekend,90.12385848922922
1120,weekday,90.09290410994517
46477,weekday,90.00089765081184
46479,weekend,89.71935993441062
29423,weekday,89.42753297852556
58342,weekend,89.32374079907356
68007,weekday,89.23693359428005
37150,weekday,89.16985225858734
64592,weekday,89.05512303702888
11352,weekday,88.57655057864736
64502,weekday,88.50858248315005
76700,weekend,88.4798646693349
47230,weekend,88.23120398120398
45191,weekday,88.13455676270394
68001,weekday,88.02210989991853
75730,weekday,87.8449718339582
64561,weekday,87.75031269704914
47230,weekday,87.72611825261392
98105,weekday,87.5216027895985
46714,weekday,87.49880791888116
59282,weekday,87.40865494285234
1540,weekend,87.13576921486623
10328,weekend,87.12842377222668
39980,weekend,87.05143655013659
16103,weekday,87.00221295278894
1270,weekday,86.8210802156257
55938,weekday,86.54196905862011
31920,weekday,86.49908170209046
73816,weekday,86.46701007464532
10658,weekday,86.4551931403749
390,weekday,86.38619447316891
47570,weekend,86.24906341145942
59720,weekday,86.22638640422896
74041,weekend,85.98158372545954
16914,weekend,85.97367157721528
82200,weekend,85.88872712684733
76035,weekend,85.82543547744059
60670,weekday,85.63333275440532
69021,weekday,85.50815665941919
57455,weekend,85.49128236797189
52200,weekend,85.36975907744629
64670,weekday,84.86085328302255
6950,weekday,84.70702755976917
11690,weekend,84.31029698359781
55938,weekend,84.28123845653005
47260,weekday,84.13828875600467
9135,weekend,84.0824250967946
71331,weekday,84.08141461064967
60921,weekend,84.04867595296085
340,weekday,84.03261774110554
45301,weekend,84.01905440934864
80438,weekday,83.88764515873558
75405,weekday,83.7652687046044
22261,weekend,83.74172278338945
8110,weekday,83.72781250793136
60921,weekday,83.63967534737955
39983,weekday,83.59562735235397
1560,weekend,83.19452740077294
2690,weekday,83.10344263436369
57784,weekday,83.01776345896155
80710,weekend,83.00792580117181
59314,weekday,82.8893965252544
6950,weekend,82.73234688495242
1558,weekday,82.58382401078673
64305,weekend,82.5623989572519
39070,weekday,82.47662997620098
30453,weekday,82.42264584163877
1215,weekend,82.31002477991632
46365,weekend,82.29638491095233
71961,weekday,82.22822537779793
21765,weekday,82.10245763559635
19240,weekday,81.9128011263428
57784,weekend,81.6108748776857
11132,weekend,81.53920762349912
82200,weekday,81.53853761012
52303,weekday,81.38971235300478
81418,weekend,81.25903605663186
76023,weekday,81.09151950597739
55651,weekend,80.85298056584197
80977,weekday,80.79207160927018
47260,weekend,80.78746252257373
85640,weekend,80.7613038108853
56805,weekday,80.72215389645031
2010,weekday,80.50629523315702
67014,weekday,80.00512548339451
8403,weekday,79.75474168834344
52306,weekend,79.7322777585226
481,weekday,79.62912087688349
47419,weekend,79.42893893808926
6710,weekday,79.23101761346005
16240,weekday,79.18428052184707
83760,weekend,78.98634858791385
22553,weekend,78.97667493641916
41900,weekday,78.8458910493401
59842,weekend,78.72419817456608
47240,weekend,78.64153439153439
515,weekday,78.2722790367581
390,weekend,78.10344443038468
2361,weekday,77.9027166285899
46477,weekend,77.88733998886842
38653,weekday,77.71898828210239
60902,weekend,76.88350828546906
17160,weekday,76.83193883318228
54842,weekday,76.5079534060962
60903,weekend,76.47073630799122
57600,weekday,76.36133883847255
80977,weekend,76.00388564761425
15190,weekday,75.87769048628361
9650,weekend,75.788235747463645
61420,weekday,75.66946693882826
73818,weekday,75.64426949167108
43095,weekday,75.62366780214909
700,weekday,75.21831544215145
18220,weekday,75.15463821857801
98780,weekend,75.08945537534095
75995,weekend,74.93591232205377
68498,weekday,74.75086691772805
70538,weekday,74.49461170142989
8870,weekday,74.23313462398163
59314,weekend,74.08427397511466
66880,weekend,73.81212267964158
9147,weekend,73.05568607041415
1540,weekday,72.66419716281332
80433,weekend,72.54332174495855
64555,weekday,72.23425250552876
60137,weekday,72.15037064644369
56151,weekend,71.94211279877452
1073,weekday,71.64945427363641
72314,weekday,71.524006889257
35530,weekday,71.44893944506302
22557,weekday,71.36522665541605
81755,weekday,71.32327140642116
85630,weekday,71.22268633447354
29242,weekend,70.79117705459713
25755,weekend,70.28966712009677
11690,weekday,70.22174685952605
74450,weekday,70.09918515163481
605,weekday,69.4328376783536
575,weekday,69.42220561617721
11012,weekday,69.14447359761388
620,weekday,68.94390751715382
1560,weekday,68.90095296989138
45651,weekend,68.89789264631447
11130,weekday,68.79534204676564
10328,weekday,68.6268932305541
39980,weekday,68.53867240012825
29243,weekday,68.50688698188917
70691,weekday,68.375
1710,weekend,67.9691751168636
76700,weekday,67.35786280049419
26715,weekday,66.39215411255411
46766,weekday,66.06566091954024
70180,weekday,66.02809733374636
61870,weekday,66.00474276451456
42576,weekend,65.67432854875022
57600,weekend,65.62222955374965
19862,weekend,65.44269540332935
2580,weekday,64.70477057489663
1690,weekday,64.57217730221143
72294,weekend,64.54142756747989
2180,weekday,64.48490869198204
29420,weekend,64.45365979778002
39080,weekend,64.225724070072
510,weekday,63.54721189929524
1471,weekday,63.194333320779926
19898,weekday,62.925308556092055
28680,weekday,62.86982849706699
75995,weekday,62.57874455873544
16100,weekend,62.487347412765686
52306,weekday,62.20767903479298
71954,weekday,62.19585942932905
76730,weekday,62.1574304128216
35825,weekend,62.1207775812035
29380,weekday,62.04640605365664
45649,weekend,61.73104397053957
80438,weekend,61.608972388349166
19862,weekday,61.40844519596376
45305,weekend,61.2141861814866
6176,weekday,61.13231275996787
83760,weekday,60.753744111430976
31910,weekend,60.74679873593513
61460,weekend,60.70916362876889
46463,weekday,60.498917664275844
4489,weekday,60.359865732311135
35317,weekend,60.174103913043936
85230,weekday,59.6475
41255,weekday,59.57649017928879
10910,weekday,59.315935581064025
56151,weekday,59.28430319653485
590,weekday,59.19300754678587
68003,weekend,59.11249851071042
80431,weekday,59.00270282005989
55050,weekend,58.92401194286136
60670,weekend,58.70034052404129
76036,weekend,58.40560708927859
15540,weekday,57.565421845262904
34544,weekend,57.06730769230769
46871,weekend,56.74802358135691
71960,weekday,56.504477785368444
17710,weekday,56.41391258280821
71353,weekday,56.17702726836001
83751,weekday,55.87807002897171
75992,weekday,55.71416041362112
73812,weekend,55.61602365833652
37090,weekend,55.524400260845944
59839,weekend,55.31314287836655
76221,weekday,55.0405131174868
76305,weekend,54.79901956126888
73350,weekday,54.67779931986169
76023,weekend,54.35709893819896
67652,weekday,54.354145124414046
76374,weekday,54.127872109120666
65252,weekday,54.083543960617746
75992,weekend,53.963450047903265
60136,weekday,53.85911743433364
9587,weekday,53.713406304115615
40125,weekend,53.69966516894565
67652,weekend,53.10145531899279
76880,weekend,53.04660135945203
52030,weekday,52.62770679401463
16102,weekday,51.88944593515015
16330,weekday,51.77266628873772
61870,weekend,51.69893428371498
71828,weekday,51.67209618671923
36680,weekday,51.57468986008229
22255,weekday,51.142422299670486
34910,weekday,51.07457429427219
19320,weekday,50.74889328316831
75007,weekday,50.526494787574904
11191,weekday,49.999712028258486
46505,weekend,49.536673672788964
7950,weekday,49.42869724990275
16640,weekday,49.25454210782276
71356,weekday,49.153529200911855
35317,weekday,49.08721677960466
558,weekend,48.78045801881563
68438,weekday,48.72606416678578
99263,weekday,48.239453322937095
64566,weekday,48.13161468376283
20250,weekday,48.11282255021995
99300,weekday,47.68510837184238
46478,weekday,47.23095177720047
16101,weekday,47.10018178382512
46476,weekday,47.013993637178615
76305,weekday,46.64210360490245
16106,weekday,46.30636929231054
46505,weekday,46.147936051244756
46465,weekday,45.99612636929648
57458,weekend,45.82754482761363
57458,weekday,44.88518073205342
41970,weekday,44.42613060745359
80437,weekday,44.161866704382376
16101,weekend,44.029077292208015
71336,weekday,42.64157502436531
20041,weekday,41.95018439883851
42576,weekday,41.81932457978149
41930,weekday,41.644188904677705
57451,weekday,41.19682045529086
18760,weekday,41.06052813381245
41890,weekend,40.60527558444111
2740,weekday,39.98302505788501
548,weekday,39.68563936833107
71335,weekday,39.453492153003744
71328,weekday,38.794891955495935
76730,weekend,37.91744746040008
75400,weekday,37.794834551211785
16914,weekday,37.74447115306015
76222,weekday,37.59450088469174
35110,weekday,35.93638059708542
1710,weekday,35.23095533437913
45648,weekday,34.2721989071635
75912,weekday,33.902435537620725
67654,weekday,33.18318919848641
23170,weekday,32.857955925878876
11570,weekday,32.63809523809524
16100,weekday,32.621942258192526
45303,weekend,31.781271121148478
9144,weekday,31.481018944848547
52305,weekday,31.24607762086444
46463,weekend,31.124460099115055
2550,weekday,30.972433896082535
71355,weekday,30.73420469759155
26730,weekday,29.94272725581382
82718,weekday,29.84469696969697
691,weekend,29.44561364496041
64590,weekday,29.41628208160785
68404,weekday,28.870892652102196
11190,weekday,28.744050626764846
65500,weekday,27.95079493751201
14960,weekday,27.645131101466905
72329,weekday,27.365722049403463
59839,weekday,27.255712473213762
10225,weekday,25.997458888534265
61420,weekend,24.50874325874707
85640,weekday,24.49068419494396
76820,weekend,23.424998968564314
13460,weekday,22.78561305095407
52200,weekday,22.352614597220864
70310,weekend,21.866998824221046
23170,weekend,21.11523819793897
12770,weekday,18.88292682926829
57459,weekend,18.414087139385245
80431,weekend,17.5210096286991
74230,weekday,17.20195494726931
82785,weekday,17.036268957044737
1404,weekend,16.906267600712045
76222,weekend,16.05227217996276
57451,weekend,15.837196754340448
45649,weekday,14.427267700657767
80485,weekday,13.616514192227331
691,weekday,12.999319588021065
76376,weekday,12.908830896528558
9050,weekend,12.59210758377425
18440,weekday,9.74991187515621
79877,weekday,8.691592812200307
85170,weekday,8.306703632211132
82687,weekday,7.535272786743431
22553,weekday,5.789542328447163
9650,weekday,5.720527985596436
31137,weekday,5.509595079837268
11370,weekday,2.306615869387171
75758,weekday,1.1934722222222223
69874,weekend,0.4419122443707371
23421,weekday,-0.26003702368968346
74580,weekday,-2.19469696969697
81294,weekday,-2.546578996237084
45303,weekday,-3.3181747176278535
64593,weekday,-4.931072521838138
20910,weekday,-5.210306969646296
2850,weekday,-7.91950160775833
68003,weekday,-9.221775251857649
600,weekday,-9.339472959471367
9050,weekday,-9.4375
29273,weekday,-10.291225938178572
9586,weekend,-15.857627619768266
4370,weekday,-17.745006965374802
45651,weekday,-17.845250078588986
23421,weekend,-19.66027475748565
99254,weekday,-20.41521095457607
10325,weekend,-23.074413525045486
29420,weekday,-23.772809119299577
1040,weekday,-27.569494057906617
1404,weekday,-27.76810370006585
25755,weekday,-29.266841975826164
73227,weekday,-33.581662041444865
32013,weekday,-33.954881612640236
558,weekday,-35.94444372501147
1570,weekday,-36.512366959082655
25798,weekday,-36.52459591470097
5880,weekday,-39.77445849918915
71347,weekday,-50.84444444444444
39530,weekday,-51.40182020548633
23422,weekday,-52.918476234461004
12841,weekday,-57.03369027493342
70694,weekday,-70.04942851198041
1010,weekday,-85.2754514014944
71951,weekday,-86.96378403652746
10325,weekday,-102.40134906586297
82716,weekday,-109.1828866652783
29431,weekend,-109.66207856368915
70521,weekday,-110.45189393939394
70515,weekday,-141.43977272727273
23422,weekend,-145.200606215847
11680,weekday,-146.57792336366958
9586,weekday,-156.21915721808602
71260,weekday,-163.55416666666667
29455,weekday,-169.02782315337984
29431,weekday,-179.38548374327144
64481,weekday,-282.5874580751903
64760,weekday,-455.656746031746
64790,weekday,-480.41031746031746
65570,weekday,-738.0229786083053
65630,weekday,-922.1271035250168
80484,weekday,-925.5248457248457
46712,weekday,-1105.1731767561419
53446,weekday,-1403.0403973063762
