stop_id,auth_name,bearing_code,jurisdiction,kcm_managed_equipment,route_list,num_shelters,yrly_rel,yrly_rel_mins,stop_name
10653,Seattle,W,SEA,YES,62,0,578.0824355367855,9.634707258946426,NOAA AcRd & Unnamed
12470,Seattle,N,SEA,YES,11,1,398.29392834260915,6.6382321390434855,43rd Ave E & E Madison St
30160,Seattle,W,SEA,YES,106 107 9E,1,377.50214482247304,6.291702413707884,S Henderson St & Renton Ave S
18930,Seattle,N,SEA,YES,17E,0,373.769906600967,6.22949844334945,32nd Ave NW & Loyal Way NW
29865,Seattle,E,SEA,YES,44,1,343.60754160369544,5.726792360061591,NE 45th St & Roosevelt Way NE
41981,Seattle,S,SEA,YES,193E,0,330.2024863247962,5.503374772079937,9th Ave & Spring St
29254,Seattle,S,SEA,YES,43 48 988EN,1,330.0964285714286,5.501607142857143,23rd Ave E & E Aloha St
22260,Seattle,W,SEA,YES,21 22 C,1,324.1576445150772,5.40262740858462,SW Roxbury St & 28th Ave SW
31680,Seattle,W,SEA,YES,132 60 987E,1,322.59166666666664,5.376527777777778,S Cloverdale St & 12th Ave S
3250,Seattle,E,SEA,YES,2 988E,0,312.51260162601625,5.208543360433604,E Union St & 32nd Ave
720,Seattle,N,SEA,YES,212 554EN,0,305.5069002619683,5.091781671032805,4th Ave & Stewart St
8641,Seattle,S,SEA,YES,106 48 634N 7 9E,1,300.9969107692143,5.016615179486905,Rainier Ave S & S Walker St
29240,Seattle,E,SEA,YES,255 271 43 44 48 542E 556E 65,0,293.6875306477594,4.894792177462657,NE Pacific St & 15th Ave NE
85066,Seattle,S,SEA,YES,113,0,287.5072209991561,4.791787016652602,East Marginal Way S & S Hudson St
19550,Seattle,N,SEA,YES,40,0,286.6652998236332,4.777754997060553,24th Ave NW & NW 65th St
55875,Seattle,W,SEA,YES,987E,0,284.1686507936508,4.73614417989418,S Dearborn St & Corwin Pl S
21850,Seattle,S,SEA,YES,545E,0,284.1492915438016,4.735821525730027,Airport Way S & S Royal Brougham Way
15395,Seattle,S,SEA,YES,21 50,1,283.97003308435626,4.732833884739271,1st Ave S & S Hanford St
29405,Seattle,W,SEA,YES,271 43 44 48,4,277.03919317393945,4.617319886232324,NE Pacific St & Montlake Blvd NE
15201,Unknown,S,SEA,UNK,21,0,276.1368332477425,4.602280554129042,1st Ave S & S Atlantic St
37360,Seattle,E,SEA,YES,62,1,268.1102641810241,4.468504403017068,NE 65th St & 16th Ave NE
13870,Seattle,S,SEA,YES,24 32 33 D,1,266.49168854088333,4.441528142348056,Elliott Ave W & W Galer St
56161,Seattle,S,SEA,YES,106,1,265.03105852494616,4.4171843087491025,Martin L King Jr Way S & S Othello St
40077,Seattle,S,SEA,YES,31 33,0,263.3242001155161,4.3887366685919345,Gilman Ave W & 23rd Ave W
15460,Seattle,W,SEA,YES,21,0,260.22472117117826,4.337078686186304,SW Spokane St & 26th Ave SW
30690,Seattle,S,SEA,YES,131 132,1,257.4042604660422,4.29007100776737,4th Ave S & S Holgate St
18630,Seattle,W,SEA,YES,31 32,1,256.91588465745974,4.281931410957663,W Nickerson St & 3rd Ave W
45870,Seattle,S,SEA,YES,131 132,1,255.68217073873672,4.261369512312279,4th Ave S & S Spokane St
6640,Seattle,N,SEA,YES,5 61,0,254.5469948140094,4.242449913566824,Greenwood Ave N & N 85th St
26965,Seattle,E,SEA,YES,31 32,1,254.52546102186426,4.242091017031071,N 40th St & Wallingford Ave N
31350,Seattle,N,SEA,YES,31 33,0,252.14801167238878,4.20246686120648,Thorndyke Ave W & W Blaine St
34930,Seattle,E,SEA,YES,50 987EN,0,251.71547619047618,4.195257936507937,S Genesee St & Cascadia Ave S
56031,Seattle,S,SEA,YES,106,1,251.7137366197845,4.195228943663075,Martin L King Jr Way S & S Alaska St
11060,Seattle,S,SEA,YES,43 49 60 636N 9E,0,249.09141227847414,4.151523537974569,Broadway & E Denny Way
6440,Seattle,N,SEA,YES,5,1,248.559362085873,4.14265603476455,Phinney Ave N & N 46th St
11150,Seattle,E,SEA,YES,10 12 49,0,248.29382236002505,4.138230372667084,E Pine St & Harvard Ave
2295,Seattle,W,SEA,YES,8,0,248.0419671819134,4.134032786365223,Denny Way & Dexter Ave N
29247,Seattle,E,SEA,YES,271 43 48 542E 556E,4,246.5890985186851,4.109818308644751,NE Pacific St & Montlake Blvd NE
10915,Seattle,N,SEA,YES,49,0,243.633329466697,4.060555491111617,Harvard Ave E & Eastlake Ave E
12210,Seattle,W,SEA,YES,11,0,241.5324088468793,4.025540147447988,E McGilvra St & 42nd Ave E
28470,Seattle,N,SEA,YES,28E,1,240.5426789921296,4.009044649868827,8th Ave NW & NW Market St
6237,Unknown,N,SEA,UNK,28E 5 E,2,240.29131430226272,4.004855238371046,7th Ave N & Harrison St
49733,Seattle,N,SEA,YES,132,0,239.88883195722025,3.998147199287004,8th Ave S & S Kenyon St
12487,Seattle,S,SEA,YES,4 8,0,239.5581268980466,3.9926354483007764,Martin L King Jr Way S & S Massachusetts St
17950,Seattle,N,SEA,YES,17E,0,239.44093719530358,3.990682286588393,View Ave NW & Loyal Ave NW
29280,Seattle,N,SEA,YES,43 48 988EN,1,239.35691056910568,3.989281842818428,23rd Ave E & E Aloha St
19440,Seattle,W,SEA,YES,17E 24 33,2,238.57114783681558,3.9761857972802597,Denny Way & Queen Anne Ave N
18390,Seattle,S,SEA,YES,62,0,238.1270337445288,3.968783895742147,Dexter Ave N & Harrison St
2250,Seattle,E,SEA,YES,8,1,234.67849674254282,3.9113082790423803,Denny Way & Dexter Ave
12010,Seattle,E,SEA,YES,14 8,0,234.62153638026749,3.910358939671125,S Jackson St & 23rd Ave S
45960,Seattle,S,SEA,YES,131 132,0,233.63864388201196,3.893977398033533,4th Ave S & S Front St
37460,Seattle,E,SEA,YES,62,0,233.18756047995913,3.8864593413326523,NE 65th St & 35th Ave NE
99271,Metro King County,S,SEA,YES,101 102 150 177 D E,1,231.0640137887906,3.851066896479843,SODO Busway AcRd & S Royal Brougham Way
6340,Seattle,N,SEA,YES,28E 5,1,230.50666451040036,3.841777741840006,Aurora Ramp & N 38th St
41955,Seattle,N,SEA,YES,193E 303 322,0,229.49408455563733,3.824901409260622,9th Ave & Spring St
29270,Seattle,E,SEA,YES,11 43 636 8,1,229.17132970775774,3.819522161795962,E John St & Broadway E
29540,Seattle,W,SEA,YES,44,0,228.72560069893197,3.8120933449821996,N 45th St & Stone Way N
42080,Seattle,S,SEA,YES,107 60,1,226.30023770856448,3.7716706284760746,15th Ave S & S Oregon St
21833,Seattle,S,SEA,YES,124,1,225.6170280685354,3.760283801142257,6th Ave S & S Royal Brougham Way
7350,Seattle,S,SEA,YES,62,0,225.23749738819865,3.7539582898033106,Stone Way N & N 45th St
29245,Seattle,S,SEA,YES,43 48,0,221.70191591676252,3.695031931946042,East Montlake Pl E & E Roanoke St
41989,Seattle,S,SEA,YES,43 9E,0,221.17127333792143,3.686187888965357,Boren Ave & E Yesler Way
22830,Seattle,S,SEA,YES,21 21E 50 773N C,1,220.41443997186278,3.673573999531046,35th Ave SW & SW Avalon Way
27570,Seattle,E,SEA,YES,27 8,1,217.3777277401248,3.6229621290020804,E Yesler Way & 23rd Ave S
31460,Seattle,N,SEA,YES,31 33,0,217.09941184241623,3.6183235307069372,22nd Ave W & Gilman Ave W
20890,Seattle,N,SEA,YES,24 31,0,216.27131529954278,3.6045219216590465,28th Ave W & W Blaine St
7430,Seattle,W,SEA,YES,131 132 21 28E 5 E,2,215.1339392605069,3.585565654341782,Wall St & 5th Ave
99267,Seattle,N,SEA,YES,101 102 150 177 E,1,212.9268297285943,3.5487804954765716,SODO Busway AcRd & S Royal Brougham Way
26510,Seattle,S,SEA,YES,31 32 40 62,0,212.77838381513507,3.5463063969189177,Fremont Ave N & N 34th St
24680,Seattle,W,SEA,YES,24 33,0,212.22359667626208,3.537059944604368,W Government Way & 33rd Ave W
11200,Seattle,N,SEA,YES,49 9E,1,211.62001887987853,3.527000314664642,Broadway E & E Mercer St
29600,Seattle,W,SEA,YES,44,1,211.26314584123975,3.521052430687329,N 46th St & Phinney Ave N
45780,Seattle,N,SEA,YES,131 132,1,211.2190379727473,3.520317299545788,4th Ave S & S Front St
22940,Seattle,S,SEA,YES,21 21E,1,211.06950083524833,3.5178250139208056,35th Ave SW & SW Morgan St
1370,Seattle,W,SEA,YES,27N 33,0,209.80657136692682,3.4967761894487803,Yesler Way & 3rd Ave
40802,Seattle,N,SEA,YES,113,0,209.7432212977585,3.495720354962642,East Marginal Way S & S Hudson St
36931,Unknown,W,SEA,UNK,45 62 79,1,209.32695267255517,3.488782544542586,NE 65th St & 14th Ave NE
16390,Seattle,S,SEA,YES,45 62,0,209.18915033784407,3.4864858389640676,NE Ravenna Blvd & Woodlawn Ave NE
13760,Seattle,S,SEA,YES,17E D,2,208.41799052954516,3.4736331754924192,15th Ave NW & NW Leary Way
35570,Seattle,E,SEA,YES,40 45,0,208.37544836579923,3.472924139429987,NW 85th St & 22nd Ave NW
12600,Seattle,S,SEA,YES,4 48,0,208.19998692075922,3.469999782012654,23rd Ave & E Jefferson St
31135,Seattle,E,SEA,YES,987E,0,207.5797619047619,3.4596626984126986,S Henderson St & Rainier Ave S
25752,Seattle,N,SEA,YES,255 271 542E 556E 986EN,0,207.3825703076318,3.4563761717938633,Montlake Blvd E & E Shelby St
26400,Seattle,W,SEA,YES,31 32,0,207.0255801440701,3.4504263357345013,N 40th St & Wallingford Ave N
49724,Seattle,S,SEA,YES,132,0,206.0887564872441,3.434812608120735,8th Ave S & S Monroe St
14360,Seattle,N,SEA,YES,40 D,1,205.98151237240123,3.433025206206687,15th Ave NW & NW 85th St
18465,Seattle,N,SEA,YES,62,1,205.90487673318682,3.4317479455531137,Dexter Ave N & Roy St
22160,Seattle,E,SEA,YES,128,0,205.88458473529624,3.4314097455882706,SW Orchard St & Delridge Way SW
45692,Seattle,W,SEA,YES,107,0,205.52269413611435,3.425378235601906,S Myrtle St & Beacon Ave S
28600,Seattle,N,SEA,YES,28E,0,204.04395320876304,3.400732553479384,8th Ave NW & NW 84th St
35319,Seattle,S,SEA,NO,303,0,203.4396344874264,3.3906605747904397,Northgate Station AcRd & NE 100th St
25880,Seattle,N,SEA,YES,65,1,203.33528374300286,3.3889213957167144,35th Ave NE & NE 65th St
250,Seattle,S,SEA,YES,111 113 162 177 212,0,202.46239867929918,3.374373311321653,2nd Ave & Bell St
9000,Seattle,S,SEA,YES,106 107 7,1,202.29433203648298,3.3715722006080497,Rainier Ave S & S Henderson St
28210,Seattle,S,SEA,YES,28E,1,201.32195241162813,3.3553658735271354,8th Ave NW & NW Market St
5980,Seattle,S,SEA,YES,5,1,200.6758251999483,3.344597086665805,Phinney Ave N & N 46th St
55940,Seattle,E,SEA,YES,987E,0,200.57579365079366,3.3429298941798944,S Dearborn St & Corwin Pl S
12640,Seattle,S,SEA,YES,4 48,0,199.36772344258893,3.3227953907098153,23rd Ave S & S Jackson St
6050,Seattle,S,SEA,YES,28E 5,0,198.81966410882023,3.313661068480337,SR 99 Ramp & N 38th St
1340,Seattle,E,SEA,YES,27,0,198.41247968856126,3.306874661476021,Yesler Way & Dilling Way
997,Unknown,N,SEA,UNK,162N 257 311,0,198.33620704243918,3.3056034507073195,6th Ave & Union St
6710,Seattle,N,SEA,YES,5,0,197.95194619200896,3.2991991032001495,Greenwood Ave N & N 103rd St
37840,Seattle,S,SEA,YES,79,0,197.9512307404744,3.2991871790079066,55th Ave NE & NE 68th St
5790,Seattle,S,SEA,YES,5,1,195.38005587643636,3.256334264607273,Greenwood Ave N & N 85th St
26010,Seattle,N,SEA,YES,65,0,195.32831706966482,3.25547195116108,35th Ave NE & NE 95th St
30170,Seattle,W,SEA,YES,107,1,195.05214402413398,3.2508690670688996,S Henderson St & Martin L King Jr Way S
3600,Seattle,W,SEA,YES,1 106 14N 36 7,1,194.71331520253477,3.2452219200422463,S Jackson St & 12th Ave S
21440,Seattle,W,SEA,YES,128,0,194.02371185163489,3.2337285308605814,SW Orchard St & Delridge Way SW
760,Seattle,S,SEA,YES,257N 311N 545E,0,193.70190838204917,3.2283651397008195,5th Ave & Pine St
31731,Seattle,N,SEA,YES,22 H,1,193.0374340090031,3.2172905668167187,26th Ave SW & SW Barton St
9580,Seattle,E,SEA,YES,49 70 79,1,191.34024851010665,3.189004141835111,NE Campus Pkwy & Brooklyn Ave NE
9144,Seattle,W,SEA,YES,255,0,190.97717949774136,3.1829529916290227,NE Campus Pkwy & University Way NE
10916,Seattle,S,SEA,YES,49,1,190.87136763518578,3.1811894605864297,Harvard Ave E & Eastlake Ave E
23610,Seattle,N,SEA,YES,67,0,190.80538465571405,3.1800897442619007,Roosevelt Way NE & NE 75th St
3210,Seattle,E,SEA,YES,2,0,190.60571738158401,3.1767619563597336,E Union St & 23rd Ave
10513,Seattle,N,SEA,YES,65,2,190.520422935463,3.1753403822577164,40th Ave NE & NE 46th St
23831,Unknown,N,SEA,UNK,75,0,189.90170544242403,3.1650284240404005,5th Ave NE & NE 123rd St
8330,Seattle,N,SEA,YES,7 9E,1,189.6539747702073,3.160899579503455,Rainier Ave S & S Genesee St
7210,Seattle,S,SEA,YES,E,1,189.21383563990858,3.1535639273318097,Aurora Ave N & N 65th St
31930,Seattle,S,SEA,YES,128 50,0,188.49096674031253,3.1415161123385422,California Ave SW & SW Lander St
5710,Seattle,S,SEA,YES,5,1,187.79049402789994,3.1298415671316655,Greenwood Ave N & Holman Rd N
4500,Seattle,S,SEA,YES,13,0,187.67565863464407,3.1279276439107346,Queen Anne Ave N & W Crockett St
39260,Seattle,N,SEA,YES,348,0,186.6547021651316,3.110911702752193,15th Ave NE & NE 127th St
2220,Seattle,S,SEA,YES,124 13N 14 1N 2 24N 27 33N 4 DN,1,186.61062536781714,3.110177089463619,3rd Ave & Cedar St
37940,Seattle,W,SEA,YES,62,1,186.4393951804288,3.1073232530071464,NE 65th St & 35th Ave NE
18740,Seattle,W,SEA,YES,17E 40 44,2,186.39044663994468,3.106507443999078,NW Market St & Ballard Ave NW
11358,Seattle,W,SEA,YES,31 32 48N,0,186.16039747138967,3.102673291189828,NE 45th St & University Way NE
1085,Seattle,W,SEA,YES,10 11 12 3 49,0,185.88725917260172,3.0981209862100285,Pine St & 9th Ave
625,Seattle,E,SEA,YES,62,0,185.46397754339696,3.0910662923899492,S Washington St & 4th Ave S
844,Unknown,S,SEA,UNK,106 14 257 311 36 545E 630 7,0,185.2980547679208,3.08830091279868,5th Ave S & S Weller St
2330,Seattle,N,SEA,YES,1 13 2 8 D,1,184.9023469492486,3.0817057824874765,1st Ave N & Denny Way
11080,Seattle,W,SEA,YES,10 12 49,2,184.45420180244187,3.0742366967073647,E Pine St & Broadway
29091,Seattle,W,SEA,YES,31 32,1,184.19276739990204,3.069879456665034,Childrens Hospital AcRd & 45th Ave NE
32165,Boeing Aircraft Corporation,S,SEA,YES,124,1,184.01173693538183,3.066862282256364,East Marginal Way S & 16th Ave S
36525,South Seattle Community College,N,SEA,YES,125 128,3,182.27975220160937,3.037995870026823,South Seattle College AcRd & SW Findlay St
13005,Seattle,N,SEA,YES,3 4,0,181.62500522729542,3.0270834204549235,21st Ave & E James St
10641,Seattle,N,SEA,YES,62 75,0,181.24368170258677,3.020728028376446,Sand Point Way NE & NE 74th St
8681,Seattle,S,SEA,YES,106 7 9E,1,180.4777168696075,3.0079619478267916,Rainier Ave S & S Stevens St
7730,Seattle,N,SEA,YES,E,1,180.40804124915005,3.006800687485834,Aurora Ave N & N 85th St
9141,Seattle,S,SEA,YES,70,1,180.0046929736922,3.000078216228203,Eastlake Ave E & Harvard Ave E
75409,Seattle,N,SEA,YES,E,2,179.19695581882786,2.9866159303137976,Aurora Ave N & N 46th St
6880,Seattle,N,SEA,YES,345 5,0,179.18434324434585,2.9864057207390977,Greenwood Ave N & N 145th St
700,Seattle,N,SEA,YES,101N 102N 111N 150N 177N 212N 218N 545E 554EN,0,179.03370965783265,2.9838951609638773,4th Ave & Pike St
31140,Seattle,N,SEA,YES,33,1,178.95069975231408,2.982511662538568,Discovery Park AcRd & Texas Way
14230,Seattle,N,SEA,YES,D,1,178.53726271109383,2.975621045184897,15th Ave NW & NW Market St
9605,Seattle,S,SEA,YES,31 32 65 67,1,178.51156177846238,2.9751926963077064,Roosevelt Way NE & NE 45th St
16380,Seattle,N,SEA,NO,322,0,178.14780899808602,2.9691301499681004,1st Ave NE & NE 100th St
9575,Seattle,E,SEA,YES,255 65,1,178.11688435163478,2.968614739193913,NE Campus Pkwy & University Way NE
16520,Seattle,N,SEA,YES,45 62,1,177.47900532270472,2.957983422045079,NE Ravenna Blvd & NE 70th St
26860,Seattle,N,SEA,YES,31 32 40 62,0,177.00586491101214,2.950097748516869,Fremont Ave N & N 34th St
10030,Seattle,W,SEA,YES,79,0,176.60708976051734,2.943451496008622,NE 55th St & 35th Ave NE
10562,Seattle,N,SEA,YES,75,1,176.5496583052123,2.9424943050868717,Sand Point Way NE & 40th Ave NE
10280,Seattle,N,SEA,YES,303 322 70,0,175.8487019867605,2.9308116997793414,Fairview Ave N & Denny Way
41450,Seattle,W,SEA,YES,45,1,175.1413584288285,2.9190226404804753,N 85th St & Greenwood Ave N
29231,Seattle,E,SEA,YES,44 62,1,175.07938818123642,2.9179898030206073,N 45th St & Stone Way N
30635,Seattle,N,SEA,YES,101 102 124N 131N 132N 150 177 21N 24 28E 33 5,1,174.79605083277536,2.9132675138795894,4th Ave S & S Royal Brougham Way
10640,Seattle,N,SEA,YES,62,1,174.64715944831005,2.9107859908051674,Sand Point Way NE & NE 74th St
12690,Seattle,S,SEA,YES,3,0,174.19456215289878,2.903242702548313,34th Ave & E Union St
2244,Seattle,E,SEA,YES,1 13 17E 2 24 33 8,2,173.51723512051535,2.891953918675256,Denny Way & 2nd Ave
82235,Seattle,S,SEA,YES,67,0,173.10464483648778,2.8850774139414628,Roosevelt Way NE & NE 92nd St
30538,Seattle,N,SEA,YES,131 132,0,172.94930628561232,2.8824884380935387,4th Ave S & S Spokane St
36145,Seattle,S,SEA,YES,125,0,172.91910564532122,2.881985094088687,16th Ave SW & SW Findlay St
41740,Seattle,S,SEA,YES,107 124 60,1,172.07746753308606,2.867957792218101,13th Ave S & S Bailey St
3037,Seattle,W,SEA,YES,13 2 630,0,171.9720674461789,2.8662011241029814,Seneca St & 8th Ave
32150,Seattle,N,SEA,YES,60,1,171.94895243070593,2.865815873845099,14th Ave S & S Cloverdale St
5330,Seattle,E,SEA,YES,45 61,0,171.48768417903685,2.858128069650614,N 85th St & Greenwood Ave N
75403,University of Washington,S,SEA,YES,372EN 45 67,0,171.13270065229366,2.852211677538228,East Stevens Way NE & Benton Ln
45453,Seattle,W,SEA,YES,107,0,171.0376468051283,2.850627446752138,S 114th St & Cornell Ave S
5420,Seattle,W,SEA,YES,45 61,0,170.96401005985763,2.8494001676642937,N 85th St & Wallingford Ave N
5400,Seattle,E,SEA,YES,45,1,170.4612502474251,2.8410208374570853,N 85th St & Wallingford Ave N
21450,Seattle,N,SEA,YES,H,1,170.3757795556767,2.839596325927945,Delridge Way SW & SW Myrtle St
37081,Seattle,W,SEA,YES,40 45,1,170.21701925215984,2.8369503208693305,NW 85th St & 15th Ave NW
31670,Seattle,S,SEA,YES,60,0,170.02167335605108,2.833694555934185,14th Ave S & S Cloverdale St
17694,Seattle,W,SEA,YES,345 365,1,169.83305843656424,2.8305509739427372,North Seattle College AcRd & College Way N
28080,Seattle,S,SEA,YES,28E,1,169.6672658061781,2.827787763436302,8th Ave NW & NW 85th St
840,Seattle,N,SEA,YES,257 311,2,169.359720464453,2.8226620077408833,5th Ave S & S Jackson St
300,Seattle,S,SEA,YES,101 102 113 150 162 177,3,169.31934129877396,2.8219890216462327,2nd Ave & Pike St
39443,Seattle,W,SEA,YES,22,0,168.94087653799022,2.81568127563317,SW Thistle St & 41st Ave SW
21765,Seattle,N,SEA,YES,124 545E,1,168.36429198037655,2.8060715330062758,6th Ave S & S Royal Brougham Way
26645,Seattle,S,SEA,YES,40 98N C,0,168.28658342200148,2.8047763903666914,Westlake Ave N & Harrison St
36890,Seattle,N,SEA,YES,45N,0,168.25623359520964,2.8042705599201607,15th Ave NE & NE 52nd St
39429,Seattle,W,SEA,YES,22,0,168.05212489167155,2.800868748194526,SW Thistle St & 28th Ave SW
31590,Seattle,W,SEA,YES,113 128 60,1,167.6561709203766,2.79426951533961,SW Roxbury St & 15th Ave SW
8401,Seattle,N,SEA,YES,106 7 987EN 9E,1,167.4844386496555,2.7914073108275916,Rainier Ave S & S Forest St
1530,Seattle,W,SEA,YES,1 13 14N 2N 36N 3N 4N 62 7 70,0,166.84545081939893,2.7807575136566487,S Jackson St & 5th Ave S
11352,Seattle,N,SEA,YES,271 372E 44 48 49N 542E 556E 70,1,165.84313426614716,2.7640522377691195,15th Ave NE & NE 42nd St
3860,Seattle,S,SEA,YES,36,0,165.32796698483648,2.7554661164139413,Beacon Ave S & S Spokane St
8760,Seattle,S,SEA,YES,50 7 9E,1,164.98960133444047,2.749826688907341,Rainier Ave S & S Genesee St
55780,Seattle,N,SEA,YES,106,0,164.7836010910293,2.7463933515171552,Martin L King Jr Way S & S Alaska St
12860,Seattle,W,SEA,YES,193E 3 303 322 4,1,164.71684422713687,2.745280737118948,Jefferson St & Broadway
1180,Seattle,E,SEA,YES,10 11 12 3 49,0,164.54997675686542,2.7424996126144237,Pike St & 4th Ave
40032,Seattle,W,SEA,YES,40,1,164.38636049071923,2.7397726748453204,N 105th St & Aurora Ave N
7160,Seattle,S,SEA,YES,E,1,164.12580471563052,2.735430078593842,Aurora Ave N & N 84th St
11085,Seattle,S,SEA,YES,193E 303 322,0,163.68663201263314,2.7281105335438856,Boren Ave & Madison St
30460,Seattle,W,SEA,YES,50,1,163.3083806991388,2.7218063449856467,S Columbian Way & Beacon Ave S
450,Seattle,S,SEA,YES,13N 14 17EN 1N 2 3 36 4 40N 49N 62N 7 70N,0,162.68792148912968,2.7114653581521613,3rd Ave & Union St
29262,Seattle,W,SEA,YES,11 43 8,2,162.5391038146428,2.70898506357738,E John St & Broadway E
6176,Unknown,S,SEA,UNK,28E 5 E,2,162.5080109766503,2.708466849610838,7th Ave N & Thomas St
16440,Seattle,S,SEA,YES,67,1,161.53950170239906,2.6923250283733178,Roosevelt Way NE & NE 65th St
8494,Unknown,N,SEA,UNK,106 212 554E 7 9E,2,161.50137425569892,2.6916895709283155,Rainier Ave S & S Charles St
3032,Seattle,W,SEA,YES,2,1,160.51040371559208,2.675173395259868,E Union St & Broadway
27175,Seattle,N,SEA,YES,27,0,160.42786712950684,2.6737977854917805,36th Ave S & S Day St
36940,Seattle,W,SEA,YES,45 62 79N,0,159.89890039814676,2.6649816733024463,NE 65th St & 12th Ave NE
320,Seattle,S,SEA,YES,111 212 218 550E 554E,3,159.3500041712255,2.6558334028537582,2nd Ave & Seneca St
9132,Seattle,S,SEA,YES,45 75 79,2,158.9092543779988,2.6484875729666464,University Way NE & NE 50th St
2370,Seattle,W,SEA,YES,1 32 8 D,1,158.60908834660157,2.643484805776693,Mercer St & Queen Anne Ave N
40880,Seattle,N,SEA,YES,124,1,157.9519353211534,2.6325322553525567,13th Ave S & S Bailey St
79562,Seattle,N,SEA,YES,124,0,157.53281435881664,2.6255469059802774,East Marginal Way S & 16th Ave S
20650,Seattle,N,SEA,YES,24,0,157.33992549536947,2.622332091589491,35th Ave W & W McGraw St
38730,Seattle,N,SEA,YES,65,0,156.82569349834571,2.613761558305762,30th Ave NE & NE 143rd St
400,Seattle,S,SEA,YES,124 131 132 13N 14 17EN 1N 2 21 24N 27 33N 4 56 57 DN EN,2,156.3729599119201,2.6062159985320017,3rd Ave & Bell St
433,Seattle,S,SEA,YES,124 125 131 132 24N 27 33N H,0,155.75984162544006,2.595997360424001,3rd Ave & Pike St
31230,Seattle,S,SEA,YES,31 33,1,155.28859532519647,2.5881432554199413,22nd Ave W & Gilman Ave W
8870,Seattle,S,SEA,YES,7 9E,1,154.77403737885115,2.5795672896475192,Rainier Ave S & S Graham St
1250,Seattle,W,SEA,YES,13 2,0,154.62871638291898,2.5771452730486497,Seneca St & 4th Ave
20530,Seattle,W,SEA,YES,24,0,154.2707415489852,2.57117902581642,W Emerson St & Magnolia Blvd W
41830,Seattle,N,SEA,YES,107 60,1,153.82981554238307,2.563830259039718,15th Ave S & S Oregon St
21620,Seattle,N,SEA,YES,125 50 H,1,153.70688958904574,2.5617814931507623,Delridge Way SW & SW Andover St
8590,Seattle,S,SEA,YES,106 212 554E 7 9E,3,153.6923125481762,2.5615385424696036,Rainier Ave S & S Norman St
905,Seattle,W,SEA,YES,101 102 150 218 257N 311N 545EN,0,153.66184051615855,2.561030675269309,Stewart St & Yale Ave N
2672,Seattle,S,SEA,YES,1 13 2 32N 8 D,0,153.43762599923173,2.557293766653862,Queen Anne Ave N & W Mercer St
880,Seattle,E,SEA,YES,7 70,1,153.3869532903763,2.5564492215062717,Virginia St & 6th Ave
375,Seattle,S,SEA,YES,111 212 218 550E 554E,2,152.8117963093337,2.546863271822228,2nd Ave Ext S & Yesler Way
11030,Seattle,W,SEA,YES,49 9E,0,152.77753373239725,2.546292228873287,E Roy St & Broadway E
46233,Seattle,E,SEA,YES,107,0,152.64554902211933,2.5440924837019887,S 114th St & Cornell Ave S
430,Seattle,S,SEA,YES,13N 14 17EN 1N 2 36 3N 4 40N 62N 7 70N,0,152.45942465828668,2.5409904109714447,3rd Ave & Pine St
8440,Seattle,N,SEA,YES,106 4 48 634N 7 9E,1,152.33205318594355,2.538867553099059,Rainier Ave S & S Walker St
20700,Seattle,S,SEA,YES,24 31 33,1,152.2827061703916,2.53804510283986,28th Ave W & W Blaine St
19790,Seattle,N,SEA,YES,128 22 773 C,1,151.48976603728667,2.524829433954778,California Ave SW & Fauntleroy Way SW
24360,Seattle,E,SEA,YES,24 33,0,150.98629035769417,2.516438172628236,W Government Way & 34th Ave W
3883,Seattle,S,SEA,YES,36,0,150.55359377197044,2.509226562866174,Beacon Ave S & S Columbian Way
35600,Seattle,E,SEA,YES,45,0,150.23669917618972,2.5039449862698286,NW 85th St & 15th Ave NW
12550,Seattle,N,SEA,YES,4 48 8,1,149.8539091245206,2.4975651520753437,23rd Ave S & S Jackson St
75408,Seattle,S,SEA,YES,E,2,149.67413607387365,2.494568934564561,Aurora Ave N & N 46th St
29225,Seattle,E,SEA,YES,44,1,149.44459634975735,2.4907432724959557,N 46th St & Phinney Ave N
2010,Seattle,S,SEA,YES,1,0,149.36836045310153,2.489472674218359,10th Ave W & W Armour St
619,Seattle,N,SEA,YES,124N 131N 132N 17E 21N 24 28E 33 40 5,3,149.33104697851923,2.4888507829753204,4th Ave S & S Jackson St
98105,Seattle,E,SEA,YES,7,0,149.21021000572475,2.486836833428746,Virginia St & 4th Ave
30140,Seattle,W,SEA,YES,106 107 9E,1,149.190948820454,2.486515813674233,S Henderson St & Rainier Ave S
41900,Seattle,N,SEA,YES,60 9E,1,149.03506478866726,2.4839177464777875,12th Ave S & S Jackson St
8402,Seattle,W,SEA,YES,48 634N 8 987EN,2,148.79662597871075,2.479943766311846,Mt. Baker Transfer Area AcRd & Martin L King Jr Way S
41970,Seattle,N,SEA,YES,43 60 636N 96N 9E,0,148.1679246330979,2.469465410551632,Broadway & E Pine St
1110,Seattle,W,SEA,YES,10 11 12 3 49,0,148.02379696574533,2.4670632827624224,Pine St & 5th Ave
23895,Seattle,S,SEA,YES,372E,0,146.6504590221552,2.44417431703592,25th Ave NE & NE 75th St
16430,Seattle,E,SEA,YES,45 62 79 987EN 988EN,1,146.59502937842123,2.443250489640354,NE 65th St & Roosevelt Way NE
22710,Seattle,N,SEA,YES,21 21E,1,145.2500667769548,2.4208344462825804,35th Ave SW & SW Morgan St
3700,Seattle,S,SEA,YES,36 60,1,145.09357807202815,2.418226301200469,12th Ave S & S Jackson St
3484,Seattle,N,SEA,YES,36 60,1,144.62804725244104,2.4104674542073505,Beacon Ave S & 15th Ave S
82167,Seattle,N,SEA,YES,67,0,144.60657085757484,2.410109514292914,Roosevelt Way NE & NE 92nd St
46092,Seattle,E,SEA,YES,36,0,144.11261443304613,2.4018769072174355,S Myrtle St & Beacon Ave S
10500,Seattle,E,SEA,YES,79,0,143.96088519897108,2.399348086649518,NE 55th St & 35th Ave NE
18085,Seattle,S,SEA,YES,44,2,143.51446062999685,2.391907677166614,32nd Ave NW & NW 54th St
41390,Seattle,N,SEA,YES,13N 4N,0,143.11910505430242,2.3853184175717073,3rd Ave W & W Dravus St
12805,Seattle,W,SEA,YES,193E 3 303 4,0,143.06300552662708,2.384383425443785,E Jefferson St & 18th Ave
17698,Seattle,W,SEA,YES,345 365 40 61,0,142.08113861728708,2.368018976954785,N 92nd St & Corliss Ave N
39976,Seattle,S,SEA,YES,125 60,0,142.07945677561327,2.367990946260221,25th Ave SW & SW Trenton St
9134,Seattle,S,SEA,YES,75 79,1,142.07166311158178,2.3678610518596965,University Way NE & NE 43rd St
34690,Seattle,N,SEA,YES,50,0,142.06181739256547,2.367696956542758,Seward Park Ave S & Wilson Ave S
8210,Seattle,N,SEA,YES,7 9E,1,141.87464262965784,2.364577377160964,Rainier Ave S & S Graham St
14090,Seattle,N,SEA,YES,32 D,0,141.59314852170286,2.3598858086950476,Elliott Ave W & W Galer St
43020,Seattle,W,SEA,YES,345,0,141.58898269032562,2.3598163781720936,N 130th St & Meridian Ave N
10860,Seattle,W,SEA,YES,65 75,1,141.3810020436564,2.35635003406094,NE 125th St & 35th Ave NE
590,Seattle,N,SEA,YES,124N 131N 132N 17E 21EN 21N 24 27 28E 33 40 5 56 57 62 HN,0,141.34616541733683,2.3557694236222804,3rd Ave & Pine St
3930,Seattle,E,SEA,YES,4,1,141.27353922596316,2.354558987099386,Boston St & Queen Anne Ave N
36155,Seattle,N,SEA,YES,125,1,141.15655999825967,2.352609333304328,16th Ave SW & SW Findlay St
24260,Seattle,N,SEA,YES,24,1,140.77548185941043,2.3462580309901737,34th Ave W & W McGraw St
29257,Seattle,S,SEA,YES,43 48,1,140.55030119907642,2.342505019984607,23rd Ave E & E Thomas St
21080,King County,E,SEA,YES,113 128 60,1,140.5360873831525,2.3422681230525417,SW Roxbury St & 15th Ave SW
41902,Seattle,N,SEA,YES,43 630 9E,1,140.45659889809832,2.3409433149683054,Boren Ave & E Yesler Way
22152,Seattle,S,SEA,YES,H,1,139.797976207769,2.3299662701294834,Delridge Way SW & SW Myrtle St
18220,Seattle,E,SEA,YES,13 31 32 4,1,139.76360848649568,2.329393474774928,W Nickerson St & 3rd Ave W
12497,Seattle,N,SEA,YES,4 8,1,139.5564085114438,2.3259401418573966,Martin L King Jr Way S & S Massachusetts St
27350,Seattle,W,SEA,YES,27,1,138.58805536020543,2.3098009226700906,E Yesler Way & 23rd Ave
23390,Seattle,S,SEA,YES,67,1,138.46008478613987,2.3076680797689977,Roosevelt Way NE & NE 75th St
21141,Seattle,S,SEA,YES,113 60,2,138.15714383017803,2.3026190638363007,Olson-Myers Way P&R AcRd & Olson-Myers Way P&R AcRd
9900,Seattle,S,SEA,YES,62 75,1,137.97279617464153,2.2995466029106924,Sand Point Way NE & NE 74th St
9147,Seattle,N,SEA,YES,67,1,137.65557381947215,2.294259563657869,Brooklyn Ave NE & NE Campus Pkwy
13200,Seattle,S,SEA,YES,12,1,137.33611570082394,2.288935261680399,19th Ave E & E Galer St
1120,Seattle,W,SEA,YES,10 11 12 162N 3N 49,0,137.32685697200222,2.28878094953337,Pine St & 4th Ave
8541,Unknown,E,SEA,UNK,106 14 7,0,137.01273125988507,2.2835455209980844,S Jackson St & 12th Ave S
18120,Seattle,E,SEA,YES,17E 40 44,2,136.58151879213446,2.2763586465355745,NW Market St & Ballard Ave NW
35790,Seattle,S,SEA,YES,45,0,136.37199281949307,2.272866546991551,15th Ave NE & NE 52nd St
3810,Seattle,S,SEA,YES,107 36 60,1,136.32046511224178,2.2720077518706963,Beacon Ave S & S Lander St
28030,Seattle,S,SEA,YES,28E,1,136.31052664610735,2.2718421107684557,8th Ave NW & NW 97th St
10912,Seattle,S,SEA,YES,271 372E 43 44 48 49 542E 556E 70,2,136.1101375112273,2.268502291853788,15th Ave NE & NE 43rd St
40073,Unknown,N,SEA,UNK,31 33,0,136.03718917203872,2.2672864862006454,Gilman Ave W & W Emerson Pl
5550,Seattle,S,SEA,YES,345 5,0,135.81618813338002,2.2636031355563335,Greenwood Ave N & N 145th St
40068,Seattle,E,SEA,YES,40,1,135.6880329025606,2.2614672150426767,N Northgate Way & Aurora Ave N
12910,Seattle,S,SEA,YES,193E 3 4 60,1,135.50916439763287,2.258486073293881,9th Ave & Jefferson St
3470,Seattle,N,SEA,YES,36 60,1,134.52200068380438,2.242033344730073,Beacon Ave S & S Lander St
431,Seattle,S,SEA,YES,21 21E 56 57 C DN EN,0,134.51866622580405,2.2419777704300676,3rd Ave & Pike St
75414,University of Washington,N,SEA,YES,372E 75,1,134.45153359893249,2.2408588933155413,East Stevens Way NE & Benton Ln
38235,Seattle,S,SEA,YES,522E,1,133.68042619351647,2.2280071032252744,Lake City Way NE & 20th Ave NE
3800,Seattle,S,SEA,YES,36 60,0,133.42920426050173,2.223820071008362,Beacon Ave S & S Bayview St
12485,Seattle,W,SEA,YES,4,1,133.1916114173857,2.219860190289762,S Walker St & 25th Ave S
15140,Seattle,E,SEA,YES,21,1,132.87815217813707,2.2146358696356176,SW Spokane St & 26th Ave SW
30970,Seattle,S,SEA,YES,107,0,132.8341197485055,2.213901995808425,Beacon Ave S & S Myrtle St
12880,Seattle,W,SEA,YES,193E 3 303 322 4,0,132.77360906086008,2.212893484347668,Jefferson St & 9th Ave
570,Seattle,N,SEA,YES,113 124N 131N 132N 17E 21EN 21N 24 27N 28E 33 40 5 56N 57N 62 HN,3,132.71578655249482,2.2119297758749137,3rd Ave & Union St
25240,Seattle,S,SEA,YES,255 44 988EN,2,131.93307729652432,2.1988846216087388,Montlake Blvd NE & NE Pacific Pl
2180,Seattle,S,SEA,YES,1 13 2 32 8,1,131.11263402068917,2.1852105670114863,Queen Anne Ave N & W Harrison St
24250,Seattle,S,SEA,YES,24 31,0,130.72356980305256,2.1787261633842094,34th Ave W & W McGraw St
14200,Seattle,N,SEA,YES,17E D,0,130.35427125262652,2.172571187543775,15th Ave NW & NW Leary Way
2995,Seattle,W,SEA,YES,2,0,130.3325393981757,2.172208989969595,E Union St & 23rd Ave
10914,Seattle,S,SEA,YES,271 372E 43 44 48 49 542E 556E 70,1,130.31273298438762,2.171878883073127,15th Ave NE & NE Campus Pkwy
21990,Seattle,S,SEA,YES,125 50 H,1,129.95406021564588,2.165901003594098,Delridge Way SW & SW Andover St
22850,Seattle,W,SEA,YES,50 773,1,129.2111111111111,2.1535185185185184,SW Alaska St & 35th Ave SW
39890,Seattle,E,SEA,YES,22,0,128.7550301289529,2.145917168815882,SW Thistle St & 41st Ave SW
22820,Seattle,N,SEA,YES,21 21E 50 773N C,2,128.18979253627387,2.136496542271231,35th Ave SW & SW Avalon Way
8110,Seattle,N,SEA,YES,7 9E,1,128.14041952661447,2.135673658776908,Rainier Ave S & S Rose St
76710,Seattle,S,SEA,YES,322 372E 522E 61,2,128.08026502624512,2.134671083770752,Lake City Way NE & NE 125th St
31132,Seattle,E,SEA,YES,106 107,1,127.8938026359505,2.1315633772658416,S Henderson St & Martin L King Jr Way
25797,Seattle,N,SEA,YES,372E,0,127.27441374593134,2.1212402290988557,25th Ave NE & NE 75th St
99253,Metro King County,S,SEA,YES,101 102 150 177 50,1,126.8220368539293,2.113700614232155,SODO Busway AcRd & S Spokane St
17010,Seattle,S,SEA,YES,345 365 40,1,126.66128787974182,2.1110214646623637,College Way N & N 97th St
39790,Seattle,S,SEA,YES,22,2,125.99788207338322,2.099964701223054,California Ave SW & Fauntleroy Way SW
17695,Seattle,E,SEA,YES,345 365,0,125.77484244861826,2.096247374143638,North Seattle College AcRd & College Way N
2640,Seattle,S,SEA,YES,13 2,0,124.67299416275668,2.0778832360459445,Queen Anne Ave N & W Lee St
55651,Seattle,N,SEA,YES,106,1,124.01536458721527,2.0669227431202546,Martin L King Jr Way S & S Othello St
515,Seattle,S,SEA,YES,124 131 132 13N 14 17E 1N 21 24 2N 33 36 3N 40 49N 4N 7 70N DN EN,1,123.98516784292453,2.066419464048742,3rd Ave S & S Main St
8090,Seattle,N,SEA,YES,7,1,123.01736111111111,2.050289351851852,Rainier Ave S & S Henderson St
3430,Seattle,N,SEA,YES,36,1,122.98132303544864,2.049688717257477,Beacon Ave S & S Spokane St
30340,Seattle,N,SEA,YES,36,1,122.59756248124772,2.0432927080207954,Beacon Ave S & S Myrtle St
9560,Seattle,N,SEA,YES,70,1,121.65162783492757,2.027527130582126,Eastlake Ave E & Harvard Ave E
11910,Seattle,W,SEA,YES,14,0,121.42570231096896,2.023761705182816,S Jackson St & 23rd Ave S
420,Seattle,S,SEA,YES,124 131 132 13N 14 17EN 1N 2 21 21E 24N 27 33N 4 40N 56 57 62N C DN EN H,2,121.21090576939078,2.0201817628231797,3rd Ave & Virginia St
3155,Seattle,E,SEA,YES,2,1,121.16611304801195,2.019435217466866,E Union St & Broadway
11070,Seattle,S,SEA,YES,43 49 60 636N 9E,2,120.92349597581767,2.015391599596961,Broadway & E Pine St
1690,Seattle,N,SEA,YES,1 13 2 24 33 4 D,1,120.33419394597664,2.0055698990996107,3rd Ave & Vine St
17022,Seattle,E,SEA,YES,345 365 40 61,0,120.32722819511531,2.005453803251922,N 92nd St & Corliss Ave N
2940,Seattle,W,SEA,YES,2 988EN,1,119.43449067360439,1.990574844560073,E Union St & 33rd Ave
16860,Seattle,S,SEA,YES,345 365,0,119.38686070591386,1.989781011765231,Meridian Ave N & N 130th St
9978,Seattle,S,SEA,YES,45 65 67 75,1,119.23018034697017,1.987169672449503,Sand Point Way NE & 40th Ave NE
30453,Federal Government,E,SEA,YES,50,0,119.18180961791084,1.9863634936318475,VA Hospital AcRd & S Oregon St
46130,Seattle,E,SEA,YES,50,0,118.58439587723002,1.9764065979538337,S Othello St & 42nd Ave S
3150,Seattle,E,SEA,YES,193E 2,0,118.17664182772276,1.9696106971287126,Seneca St & 8th Ave
9670,Seattle,E,SEA,YES,65 75,1,117.94004441012801,1.965667406835467,NE 125th St & Lake City Way NE
25110,Seattle,S,SEA,YES,65,1,117.76500728058761,1.9627501213431269,35th Ave NE & NE 65th St
17960,Seattle,S,SEA,YES,17E,1,117.22711316031749,1.9537852193386247,32nd Ave NW & NW 85th St
23561,Seattle,N,SEA,YES,522E 67,1,117.0315619721504,1.9505260328691734,12th Ave NE & NE 67th St
35318,Seattle,S,SEA,NO,322 345 348 365 40 61,0,116.9666907145636,1.9494448452427267,Northgate Station AcRd & NE 103rd St
7950,Seattle,S,SEA,YES,7,0,116.62654052268743,1.943775675378124,62nd Ave S & S Prentice St
19670,Seattle,N,SEA,YES,C,2,116.38093857556798,1.9396823095927997,Fauntleroy Way SW & SW Barton St
12780,Seattle,W,SEA,YES,3 4,1,115.92537060918741,1.9320895101531235,E Jefferson St & 23rd Ave
99252,Metro King County,N,SEA,YES,101 102 150 177 50,1,115.57647022884538,1.9262745038140896,SODO Busway AcRd & S Spokane St
10911,Seattle,E,SEA,YES,31 32 372E 43 44 48 49 70,0,115.57247398790662,1.9262078997984438,NE 45th St & University Way NE
11132,Seattle,E,SEA,YES,10 11 12 3 49,1,115.47789405483489,1.9246315675805816,Pike St & Boren Ave
29249,Seattle,S,SEA,YES,43 48,1,115.42845528455285,1.923807588075881,24th Ave E & Boyer Ave E
25000,Seattle,S,SEA,YES,65,1,114.41673334536452,1.9069455557560753,35th Ave NE & NE 94th St
1610,Seattle,N,SEA,YES,1 13 14N 2N 36N 3N 4N 70 7N D E,3,114.24641061922627,1.9041068436537711,Prefontaine Pl S & Yesler Way
99261,Metro King County,W,SEA,YES,50,0,114.11576765051042,1.9019294608418404,S Lander St & SODO Busway AcRd
18785,Seattle,W,SEA,YES,44,0,114.03704481792717,1.9006174136321194,NW Market St & 30th Ave NW
37130,Seattle,S,SEA,YES,128 775,1,113.79854136990474,1.896642356165079,California Ave SW & SW Hill St
41930,Seattle,N,SEA,YES,60,1,113.75993047148754,1.895998841191459,9th Ave & Alder St
39983,Seattle,W,SEA,YES,22 H,1,113.46921525142182,1.8911535875236969,SW Barton St & 25th Ave SW
32011,Seattle,W,SEA,YES,128 50,2,113.28029024197784,1.8880048373662972,SW Alaska St & 44th Ave SW
39955,Seattle,E,SEA,YES,22,0,112.88759976039111,1.8814599960065186,SW Thistle St & 28th Ave SW
29242,Seattle,E,SEA,YES,44N 65,1,112.0850096144624,1.8680834935743733,NE Pacific Pl & NE Pacific St
1480,Seattle,E,SEA,YES,106 14 36 554E 7,1,112.03986643030434,1.8673311071717391,S Jackson St & Maynard Ave S
15190,Seattle,N,SEA,YES,21 50,1,111.60729708177493,1.860121618029582,1st Ave S & S Spokane St
16419,Seattle,N,SEA,YES,79,0,111.20354706315553,1.853392451052592,8th Ave NE & NE 64th St
3380,Seattle,N,SEA,YES,36,1,111.17717064824147,1.852952844137358,Beacon Ave S & S Columbian Way
38910,Seattle,S,SEA,YES,348,1,110.9625407461517,1.8493756791025284,15th Ave NE & NE 125th St
41255,Seattle,S,SEA,YES,13 4,1,110.91194702460419,1.8485324504100697,3rd Ave W & W Dravus St
75405,University of Washington,W,SEA,YES,372EN 45 67,1,110.07503887743835,1.834583981290639,West Stevens Way NE & George Washington Ln NE
22264,Seattle,S,SEA,YES,21E 22,0,110.01142100313488,1.8335236833855815,35th Ave SW & SW 97th St
13600,Seattle,S,SEA,YES,D,0,108.89687290356049,1.8149478817260083,15th Ave NW & NW 85th St
22560,Seattle,N,SEA,YES,21 21E C,1,108.46099526462051,1.8076832544103418,35th Ave SW & SW Roxbury St
29261,Seattle,W,SEA,YES,11 43 8,0,107.96402152425183,1.7994003587375305,E John St & 15th Ave E
16570,Seattle,N,SEA,YES,365,0,107.8650755964182,1.7977512599403032,Meridian Ave N & N 145th St
10910,Seattle,S,SEA,YES,372E 48,1,107.85478373432973,1.7975797289054956,12th Ave NE & NE 47th St
9690,Seattle,E,SEA,YES,65 75,1,107.50157550389817,1.7916929250649694,NE 125th St & 35th Ave NE
13721,Seattle,S,SEA,YES,D,0,106.97467286462916,1.782911214410486,15th Ave NW & NW Market St
31920,Seattle,S,SEA,YES,128 50,1,106.06960035356278,1.7678266725593796,California Ave SW & SW Admiral Way
39464,Seattle,N,SEA,YES,57,0,105.75294518699691,1.7625490864499485,55th Ave SW & SW Dakota St
16800,Seattle,S,SEA,YES,365,0,105.66493418148869,1.7610822363581449,Meridian Ave N & N 145th St
1050,Seattle,E,SEA,YES,212 218 257 311 545E,0,105.58467612881304,1.759744602146884,Olive Way & 8th Ave
38050,Seattle,S,SEA,YES,65,0,104.95356938064735,1.7492261563441225,30th Ave NE & NE 143rd St
19930,Seattle,N,SEA,YES,21 773 C,1,104.94496313168678,1.7490827188614462,SW Avalon Way & SW Yancy St
9582,Seattle,N,SEA,YES,45 79,1,104.64961208291832,1.7441602013819721,University Way NE & NE 43rd St
15540,Seattle,W,SEA,YES,50 56 57 775,1,104.36894397127502,1.7394823995212503,SW Admiral Way & California Ave SW
28680,Seattle,N,SEA,YES,28E D,1,102.7559438434749,1.712599064057915,NW 100th Pl & 7th Ave NW
31910,Seattle,N,SEA,YES,128 50,0,102.19357426372412,1.7032262377287353,California Ave SW & SW Lander St
37090,Seattle,E,SEA,YES,128,1,102.05926769531273,1.7009877949218788,SW Atlantic St & 44th Ave SW
18440,Seattle,E,SEA,YES,40 554E C,0,100.84385221351594,1.6807308702252657,Blanchard St & 6th Ave
1920,Seattle,W,SEA,YES,554E,0,100.4894824758911,1.6748247079315182,Lenora St & 4th Ave
43095,Private Owner,N,SEA,YES,345,0,100.04883057285966,1.667480509547661,Four Freedoms Home AcRd & Four Freedoms Home AcRd
15060,Seattle,E,SEA,YES,56 57,1,100.01454963051951,1.6669091605086586,SW Admiral Way & California Ave SW
38653,Seattle,W,SEA,YES,372E 61,1,100.00584048008024,1.6667640080013373,NE 130th St & 35th Ave NE
11190,Seattle,N,SEA,YES,49 60 9E,0,99.52446454607144,1.6587410757678573,Broadway E & E Harrison St
29423,Seattle,N,SEA,YES,79,0,99.10348600860526,1.6517247668100876,Brooklyn Ave NE & NE Pacific St
32120,Seattle,E,SEA,YES,132 60 987E,1,98.79761904761905,1.6466269841269843,S Cloverdale St & 8th Ave S
22557,Seattle,E,SEA,YES,21 C,1,98.63171736919115,1.6438619561531858,SW Barton St & 26th Ave SW
36960,Seattle,W,SEA,YES,45 62 79,2,98.5984778371042,1.6433079639517367,NE 65th St & Oswego Pl NE
12842,Seattle,N,SEA,YES,322,0,98.51308313798134,1.6418847189663557,12th Ave & E Terrace St
76660,Seattle,S,SEA,YES,322 372E 522E,1,98.50833329791503,1.6418055549652506,Lake City Way NE & NE 145th St
31811,Seattle,E,SEA,YES,128 50 57 773,3,98.31409942465402,1.6385683237442337,SW Alaska St & 44th Ave SW
99263,Metro King County,S,SEA,YES,101 102 150 177 50,1,98.1815566587946,1.6363592776465767,SODO Busway AcRd & S Lander St
41890,Seattle,E,SEA,YES,107,0,98.18080504311418,1.6363467507185696,S Lander St & 15th Ave S
22380,Seattle,E,SEA,YES,21E 22,0,98.01204828511786,1.6335341380852977,SW 106th St & California Ave SW
22261,Seattle,W,SEA,YES,21 22,0,98.00804837000612,1.6334674728334353,SW Roxbury St & 30th Ave SW
37849,Seattle,W,SEA,YES,62 79,1,97.09093492561087,1.6181822487601811,NE 65th St & Sand Point Way NE
605,Seattle,N,SEA,YES,1 124 13 131 132 17E 2 24 28E 33 4 5 D E,2,96.83321259696662,1.6138868766161103,3rd Ave & Bell St
12980,Seattle,E,SEA,YES,193E 3 303 4,1,96.44000984231825,1.6073334973719708,E Jefferson St & 17th Ave
75304,Seattle,W,SEA,YES,981EN 982EN 986EN 987EN 988EN 989EN,0,96.37561741734278,1.6062602902890464,NE 135th St & 1st Ave NE
548,Seattle,N,SEA,YES,113N 124N 131N 132N 17E 21EN 21N 24 27N 28E 33 40 5 56N 57N 62 HN,0,96.2753089705797,1.604588482842995,3rd Ave & Madison St
9135,Seattle,S,SEA,YES,48,0,95.70254117801727,1.5950423529669544,University Way NE & NE 52nd St
36390,Seattle,N,SEA,YES,22,1,95.50499525217539,1.5917499208695898,44th Ave SW & SW Alaska St
8403,Seattle,W,SEA,YES,14,1,95.36520468825694,1.5894200781376155,Mt. Baker Transfer Area AcRd & Martin L King Jr Way S
55583,Seattle,N,SEA,YES,106 9E,1,95.19779968681502,1.5866299947802502,Martin L King Jr Way S & S Henderson St
35530,Seattle,W,SEA,YES,45,1,94.49857212310327,1.5749762020517213,Loyal Way NW & NW 85th St
29243,Seattle,E,SEA,YES,44,0,94.32982036022364,1.572163672670394,NE Pacific Pl & NE Pacific St
481,Seattle,S,SEA,YES,125 21E 56 57 C H,0,93.97625193786446,1.5662708656310744,3rd Ave & Columbia St
31137,Seattle,E,SEA,YES,7,0,93.84090917800899,1.5640151529668165,S Henderson St & Rainier Ave S
1471,Seattle,E,SEA,YES,1 106 13 14 2 3 36 4 49 7 70,3,92.88240965112604,1.5480401608521006,S Jackson St & 5th Ave S
36680,Seattle,E,SEA,YES,50,0,92.81441967335756,1.5469069945559595,S Columbian Way & Beacon Ave S
2361,Unknown,E,SEA,UNK,32,0,92.79465306405521,1.5465775510675868,Republican St & 1st Ave N
2740,Seattle,N,SEA,YES,13 2,0,92.5750123827887,1.5429168730464784,Queen Anne Ave N & W Lee St
620,Seattle,N,SEA,YES,101N 102N 111N 150N 177N 212N 218N 545E 550EN 554EN,2,92.4906591439507,1.5415109857325116,4th Ave S & S Jackson St
9587,Seattle,W,SEA,YES,372E 44 49 70,0,91.44848916297646,1.5241414860496076,NE 43rd St & Brooklyn Ave NE
4489,Unknown,N,SEA,UNK,13,0,91.16121366497376,1.5193535610828959,Queen Anne Ave N & W Howe St
35825,Seattle,N,SEA,YES,43 48,1,90.9731150403306,1.51621858400551,23rd Ave E & E John St
510,Seattle,W,SEA,YES,E,0,90.87444255219124,1.5145740425365206,S Washington St & 3rd Ave S
575,Seattle,N,SEA,YES,1 125N 13 14N 2 3 36 4 70 7N C D E,2,90.52462400961099,1.5087437334935165,3rd Ave & Pike St
37150,Seattle,N,SEA,YES,128,0,89.16985225858734,1.486164204309789,California Ave SW & SW Admiral Way
17710,Seattle,N,SEA,YES,345 365 40,1,89.16510830822592,1.486085138470432,College Way N & N 97th St
340,Seattle,S,SEA,YES,101 102 113 150 162 177,2,89.00204998386367,1.483367499731061,2nd Ave & Marion St
1215,Seattle,W,SEA,YES,550E,3,87.62568904877588,1.4604281508129313,Union St & 5th Ave
10658,Federal Government,W,SEA,YES,62,0,86.4551931403749,1.440919885672915,NOAA AcRd & NOAA AcRd
34910,Seattle,E,SEA,YES,50,1,86.01059374761006,1.433509895793501,S Genesee St & 36th Ave S
2550,Seattle,S,SEA,YES,2,1,84.24588885903323,1.4040981476505539,7th Ave W & W Pleasant Pl
6950,Seattle,S,SEA,YES,E,1,83.75494937726825,1.3959158229544708,Aurora Ave N & N 145th St
4370,Seattle,W,SEA,YES,4,0,83.41743330110245,1.3902905550183742,Boston St & 1st Ave N
2690,Seattle,N,SEA,YES,13 2,1,83.10344263436369,1.3850573772393948,1st Ave N & Mercer St
1558,Unknown,W,SEA,UNK,113 125 21E 56 57 C H,1,82.58382401078673,1.3763970668464454,Columbia St & Alaskan Way
390,Seattle,S,SEA,YES,101 102 150 162 177,2,82.3927257025408,1.3732120950423468,2nd Ave Ext S & S Jackson St
19898,Seattle,S,SEA,YES,21 773 C,1,82.01739640034164,1.3669566066723606,SW Avalon Way & SW Bradford St
19240,Seattle,S,SEA,YES,40,1,81.9128011263428,1.3652133521057133,24th Ave NW & NW 85th St
34544,Seattle,W,SEA,YES,106N 987E,1,81.45888306392894,1.3576480510654823,S Henderson St & Rainier Ave S
35110,Seattle,S,SEA,YES,50,0,80.98597973234584,1.3497663288724306,Seward Park Ave S & S Morgan St
20250,Seattle,S,SEA,YES,C,1,80.29904637434248,1.3383174395723747,Fauntleroy Way SW & SW Barton St
11130,Seattle,E,SEA,YES,550E,0,79.7199841192472,1.3286664019874534,Pike St & 9th Ave
1540,Seattle,W,SEA,YES,3 4,0,79.64156225933883,1.3273593709889804,James St & 5th Ave
10328,Seattle,W,SEA,YES,C,0,77.54727402743195,1.2924545671238659,Valley St & Fairview Ave N
76700,Seattle,S,SEA,YES,322 372E 522E 61,1,77.54168513011382,1.2923614188352304,Lake City Way NE & NE 130th St
39980,Seattle,S,SEA,YES,125 60,1,77.46446940102513,1.2910744900170854,25th Ave SW & SW Henderson St
11690,Seattle,N,SEA,YES,14,1,77.01444066934636,1.2835740111557725,Mount Rainier Dr S & 37th Pl S
1560,Seattle,E,SEA,YES,3 4,2,75.792497784780707,1.2632082964130118,James St & 3rd Ave
29380,Seattle,N,SEA,YES,43 48,0,75.55475045673523,1.2592458409455873,East Montlake Pl E & E Roanoke St
1073,Unknown,E,SEA,UNK,545E,0,71.64945427363641,1.1941575712272734,Olive Way & Boren Ave
11191,Seattle,S,SEA,YES,60,0,69.83593851334697,1.163932308555783,10th Ave E & E Mercer St
11012,Seattle,E,SEA,YES,9E,0,69.14447359761388,1.1524078932935646,E Aloha St & Broadway E
14960,Seattle,N,SEA,YES,50 56 775,1,68.86994511821189,1.1478324186368647,Alki Ave SW & 61st Ave SW
20910,Seattle,N,SEA,YES,31,0,68.49119950298017,1.1415199917163361,Condon Way W & W Crockett St
26715,Seattle,N,SEA,YES,40 C,0,66.39215411255411,1.1065359018759018,Westlake Ave N & Harrison St
600,Seattle,N,SEA,YES,1 124N 13 131N 132N 14 17E 2 21E 24 28E 3 33 4 40 5 62 C D E H,0,66.3164876740213,1.1052747945670218,3rd Ave & Virginia St
20041,Seattle,W,SEA,YES,C,0,65.57078723818286,1.0928464539697142,SW Alaska St & California Ave SW
56151,Seattle,S,SEA,YES,106 36,0,65.38717568332898,1.0897862613888163,Martin L King Jr Way S & S Myrtle St
10225,Seattle,S,SEA,YES,303 322 70,0,64.93276049957565,1.0822126749929275,Fairview Ave N & Thomas St
2580,Seattle,S,SEA,YES,2,1,64.70477057489663,1.0784128429149438,6th Ave W & W Crockett St
45648,Seattle,N,SEA,YES,50,0,64.46278931782089,1.0743798219636815,38th Ave S & S Myrtle St
19862,Seattle,E,SEA,YES,C,2,63.353530117372166,1.0558921686228695,SW Alaska St & California Ave SW
26730,Seattle,N,SEA,YES,40 C,1,62.93323111462887,1.0488871852438144,Westlake Ave N & Mercer St
16914,Seattle,W,SEA,YES,345 365,1,60.9978356432778,1.01663059405463,Northwest Hospital AcRd & Hospital AcRd
29273,Seattle,E,SEA,YES,11 43 8,1,58.17584669335605,0.9695974448892675,E John St & 15th Ave E
11680,Seattle,N,SEA,YES,14,0,57.83384601280081,0.9638974335466802,Mount Rainier Dr S & S Hanford St
35317,Seattle,N,SEA,NO,345 348 365 40 61 67 75,0,54.43268021894146,0.9072113369823576,1st Ave NE & NE 103rd St
2850,Seattle,E,SEA,YES,2,1,53.37352617360362,0.8895587695600604,Madrona Park & Lake Washington Blvd
22255,Seattle,W,SEA,YES,113,1,51.142422299670486,0.852373704994508,SW Roxbury St & Delridge Way SW
1710,Seattle,E,SEA,YES,D,1,51.015454158077,0.8502575693012833,Terrace St & 5th Ave
19320,Seattle,S,SEA,YES,40,1,50.74889328316831,0.8458148880528051,24th Ave NW & NW 65th St
76730,Seattle,N,SEA,YES,322 372E 522E 61,1,50.470295775046935,0.8411715962507823,Lake City Way NE & NE 130th St
11370,Seattle,S,SEA,YES,10,0,49.73456308372601,0.8289093847287669,15th Ave E & E Galer St
22553,Seattle,E,SEA,YES,21 C,0,41.07619555014795,0.6846032591691326,SW Barton St & 35th Ave SW
18760,Seattle,W,SEA,YES,17E 44,0,41.06052813381245,0.6843421355635407,NW Market St & 28th Ave NW
9650,Seattle,N,SEA,YES,372E 48N 67,1,39.50317279935384,0.658386213322564,11th Ave NE & NE 45th St
45649,Seattle,E,SEA,YES,36,0,37.234445545065064,0.6205740924177511,S Myrtle St & 39th Ave S
11570,Seattle,N,SEA,YES,10,0,32.63809523809524,0.543968253968254,15th Ave E & E Republican St
23170,Seattle,S,SEA,YES,75,1,27.19628844990785,0.45327147416513086,5th Ave NE & NE 123rd St
45651,Seattle,W,SEA,YES,36 50,1,23.97733659234661,0.39962227653911014,S Othello St & Martin L King Jr Way S
13460,Seattle,N,SEA,YES,11 3,1,22.78561305095407,0.37976021751590117,Bellevue Ave & E Olive St
691,Unknown,N,SEA,UNK,101 102 150 550E,0,20.928782794045393,0.34881304656742324,4th Ave & Union St
12770,Seattle,S,SEA,YES,3 48 4N,1,18.88292682926829,0.3147154471544715,23rd Ave & E Cherry St
25755,Unknown,N,SEA,YES,255 542E 556E 982E 988EN,1,18.269148853758654,0.3044858142293109,Montlake Blvd NE & NE Pacific Pl
29420,Seattle,W,SEA,YES,255 271N 44 48 542E 556E,0,17.072778342311345,0.2845463057051891,NE Pacific St & 15th Ave NE
9050,Seattle,S,SEA,YES,7,0,10.389146825396825,0.1731524470899471,Waters Ave S & S Fletcher St
558,Seattle,N,SEA,YES,1 125 13 14N 2N 3 36N 4 70 7N C D E,0,4.9050624729051675,0.08175104121508613,3rd Ave & Seneca St
81294,Seattle,N,SEA,YES,981EN 982EN 986EN 987EN 988EN 989EN,0,-2.546578996237084,-0.042442983270618066,1st Ave NE & NE 140th St
1404,Unknown,E,SEA,UNK,E,0,-6.228674680047935,-0.10381124466746558,S Washington St & 3rd Ave S
23421,Seattle,S,SEA,YES,522E 67,1,-9.688189941048469,-0.1614698323508078,Roosevelt Way NE & NE 66th St
99254,Metro King County,N,SEA,YES,101 102 150 177,1,-20.41521095457607,-0.3402535159096012,SODO Busway AcRd & S Lander St
1040,Seattle,E,SEA,YES,101N 102N 111N 150N 177N 212N 218N,2,-27.569494057906617,-0.45949156763177695,Olive Way & 6th Ave
32013,Seattle,N,SEA,YES,57,0,-33.954881612640236,-0.5659146935440039,44th Ave SW & 44th Ave SW
1570,Seattle,E,SEA,YES,3 4,1,-36.512366959082655,-0.6085394493180443,James St & 5th Ave
25798,Seattle,N,SEA,YES,372E 982EN 986EN 987EN 988EN 989EN,1,-36.52459591470097,-0.6087432652450161,25th Ave NE & NE 80th St
5880,Seattle,S,SEA,YES,5,1,-39.77445849918915,-0.6629076416531525,Phinney Ave N & N 65th St
39530,Seattle,S,SEA,YES,57,0,-51.40182020548633,-0.8566970034247722,55th Ave SW & SW Dakota St
12841,Seattle,S,SEA,YES,322,0,-57.03369027493342,-0.9505615045822237,12th Ave & E Alder St
10325,Seattle,N,SEA,YES,70 C,1,-64.15443371582597,-1.0692405619304328,Fairview Ave N & Valley St
1010,Seattle,E,SEA,NO,111 177,0,-85.2754514014944,-1.4212575233582398,Howell St & Minor Ave
9586,Seattle,W,SEA,YES,48,0,-89.19968813060096,-1.4866614688433493,NE 50th St & University Way NE
29431,Seattle,S,SEA,YES,79,0,-145.76884196025856,-2.4294806993376428,15th Ave NE & NE Pacific St
29455,Seattle,W,SEA,YES,44,1,-169.02782315337984,-2.817130385889664,NE 45th St & 9th Ave NE
